id,kind,X_cam1,Y_cam1,Z_cam1,x_obj_mm,y_obj_mm,z_obj_mm,u_IMG_1553,v_IMG_1553,u_IMG_1554,v_IMG_1554,u_IMG_1560,v_IMG_1560,u_IMG_1565,v_IMG_1565
0,grid,-0.2088,-0.2242,1.6460,0.0000,0.0000,0.0000,574.3583,793.3638,752.4945,1068.1267,690.3121,880.5707,668.0601,945.6914
1,grid,-0.1818,-0.2202,1.6186,29.7974,-0.0569,0.1735,596.1584,793.6479,784.4486,1070.4051,715.2491,879.3985,689.1413,949.2654
2,grid,-0.1547,-0.2160,1.5910,59.8016,-0.0403,0.3306,619.0831,793.9578,817.4270,1073.2789,739.8981,878.3414,710.4029,952.6314
3,grid,-0.1279,-0.2119,1.5632,89.6717,-0.0028,0.2156,642.2642,794.4708,850.0344,1075.7506,764.4534,877.2779,732.2480,956.3774
4,grid,-0.1006,-0.2077,1.5353,119.8756,0.0050,0.2657,666.8123,794.5864,883.9053,1078.8515,788.7051,876.1331,754.6496,960.0624
5,grid,-0.0739,-0.2036,1.5074,149.8072,-0.0211,0.0606,691.8656,795.1888,916.9713,1081.1885,812.9904,875.0965,777.5135,963.8510
6,grid,-0.0466,-0.1996,1.4797,179.8918,-0.0837,0.2498,718.5575,795.4102,950.9033,1084.0949,836.8841,873.9835,801.0229,967.5222
7,grid,-0.0197,-0.1954,1.4518,209.9288,-0.0484,0.1508,745.4942,796.0082,984.9960,1086.7176,860.5581,872.9131,825.2753,971.6680
8,grid,0.0073,-0.1912,1.4240,240.0000,-0.0000,0.1158,773.9121,796.3002,1019.4388,1089.7946,884.0414,871.9503,849.9622,975.7039
9,grid,-0.2112,-0.1857,1.6500,-0.2992,29.8970,-0.0154,572.5815,829.3052,749.1663,1100.8312,690.6732,906.2320,666.2579,973.7986
10,grid,-0.1840,-0.1815,1.6222,29.8470,29.9117,0.0712,594.5521,830.3251,782.1019,1103.6862,715.5707,904.9265,687.0885,977.5928
11,grid,-0.1571,-0.1774,1.5945,59.6901,29.8814,0.0422,616.9892,831.2983,814.5131,1106.2892,740.2213,903.6836,708.3032,981.4844
12,grid,-0.1298,-0.1732,1.5668,89.8224,29.9376,0.2313,640.7815,832.1176,847.7320,1109.3405,764.7300,902.6091,730.2099,985.4403
13,grid,-0.1030,-0.1690,1.5391,119.6964,30.0188,0.1170,664.7140,833.4364,880.8233,1112.0731,788.9026,901.5511,752.4428,989.5073
14,grid,-0.0758,-0.1649,1.5113,149.8278,30.0030,0.2046,690.0228,834.2854,914.6338,1115.0545,812.9231,900.4294,775.4661,993.6064
15,grid,-0.0488,-0.1608,1.4836,179.8037,29.9829,0.2884,716.2898,835.6826,948.1867,1117.7729,836.8150,899.0719,798.9060,997.8961
16,grid,-0.0218,-0.1565,1.4557,209.8875,30.0387,0.2006,743.4593,836.7782,982.5308,1120.9091,860.3886,897.9478,822.8023,1002.3142
17,grid,0.0050,-0.1524,1.4277,239.8777,30.0443,0.0158,771.4473,838.0583,1016.7143,1123.7702,883.8776,896.8148,847.3798,1006.8138
18,grid,-0.2130,-0.1469,1.6536,-0.1058,59.8843,0.0513,571.3093,865.1030,746.9184,1134.1132,691.1676,931.7248,664.5388,1001.7688
19,grid,-0.1861,-0.1429,1.6261,29.7167,59.8674,0.1680,593.0137,866.7846,779.2064,1136.7310,715.8750,930.3881,685.2452,1005.8565
20,grid,-0.1589,-0.1387,1.5984,59.7962,59.9108,0.2954,615.7648,868.2594,812.1045,1139.7839,740.5062,929.0658,706.5179,1010.1763
21,grid,-0.1320,-0.1345,1.5706,89.7203,59.9116,0.1893,638.7709,870.0762,844.9514,1142.6453,764.8880,927.7333,728.2425,1014.4285
22,grid,-0.1050,-0.1304,1.5429,119.7331,59.9561,0.2651,663.1177,871.8149,878.2526,1145.7357,789.0685,926.5377,750.4553,1018.7259
23,grid,-0.0780,-0.1261,1.5150,149.7386,60.0260,0.1733,687.9921,873.7774,911.8481,1148.6266,813.0012,925.3432,773.2347,1023.3585
24,grid,-0.0508,-0.1221,1.4875,179.7707,59.9739,0.4228,714.4413,875.5456,945.7060,1151.8159,836.7219,923.9295,796.6167,1027.7765
25,grid,-0.0241,-0.1179,1.4595,209.7174,59.9679,0.1681,741.1258,877.4755,979.6174,1154.8195,860.3032,922.5982,820.3924,1032.6186
26,grid,0.0032,-0.1136,1.4316,239.9551,60.1207,0.1941,769.5099,879.4584,1014.6110,1158.3171,883.6030,921.5821,844.9517,1037.4799
27,grid,-0.2152,-0.1084,1.6576,-0.3345,89.8077,0.1546,569.7269,900.7913,743.6947,1167.0643,691.5546,957.0460,662.8452,1029.5448
28,grid,-0.1881,-0.1042,1.6298,29.8049,89.8060,0.1804,591.5391,902.8269,776.6150,1170.2345,716.3096,955.5030,683.4700,1034.0464
29,grid,-0.1613,-0.1000,1.6020,59.7049,89.8461,0.0709,613.8051,905.2982,809.2013,1173.0202,740.8558,954.3173,704.4913,1038.4560
30,grid,-0.1340,-0.0958,1.5743,89.7766,89.9235,0.2656,637.2824,907.5059,842.3923,1176.4659,765.1490,952.8179,726.2549,1043.1764
31,grid,-0.1072,-0.0918,1.5464,119.7323,89.8475,0.0637,661.2087,909.9406,875.5595,1179.2919,789.3143,951.4574,748.2249,1047.7878
32,grid,-0.0801,-0.0875,1.5189,149.7065,89.9413,0.2936,686.4515,912.3390,909.3305,1182.6651,813.0049,950.1511,770.9014,1052.6713
33,grid,-0.0532,-0.0835,1.4910,179.6898,89.8661,0.1955,712.1540,914.9788,942.9477,1185.5999,836.7622,948.6226,794.2305,1057.6585
34,grid,-0.0261,-0.0793,1.4632,209.7291,89.8895,0.1647,739.0319,917.5850,977.2360,1188.8804,860.1783,947.3628,818.0707,1062.6824
35,grid,0.0007,-0.0750,1.4353,239.6994,90.0025,-0.0020,766.7508,920.5352,1011.6307,1192.1589,883.4073,946.1336,842.3920,1068.0401
36,grid,-0.2173,-0.0696,1.6611,-0.1874,119.8597,0.0532,568.3297,936.2033,741.3825,1200.6198,692.0234,982.3731,660.9556,1057.2857
37,grid,-0.1904,-0.0656,1.6337,29.5224,119.7512,0.1693,589.8509,938.9027,773.4026,1203.4179,716.5704,980.6373,681.4745,1062.0074
38,grid,-0.1633,-0.0613,1.6058,59.7146,119.8378,0.1624,612.3293,941.7218,806.5629,1206.8611,741.1366,979.3464,702.6291,1066.7310
39,grid,-0.1362,-0.0573,1.5783,89.5837,119.7806,0.3185,635.5006,944.6420,839.2839,1209.8577,765.3345,977.6737,724.2949,1071.7180
40,grid,-0.1092,-0.0530,1.5504,119.6951,119.8829,0.2857,659.5700,947.8054,873.0034,1213.1926,789.3292,976.4055,746.3081,1076.7642
41,grid,-0.0822,-0.0489,1.5225,149.7013,119.8621,0.2124,684.2703,951.1563,906.5086,1216.4903,813.1738,974.5755,768.9344,1082.0945
42,grid,-0.0553,-0.0448,1.4948,179.6629,119.8769,0.1982,710.2121,954.1832,940.5712,1219.8390,836.6379,973.3409,791.8730,1087.3069
43,grid,-0.0284,-0.0407,1.4668,209.7380,119.8355,0.0142,736.6616,957.7100,974.6605,1223.1005,860.1617,971.7494,815.7926,1092.7708
44,grid,-0.0013,-0.0364,1.4390,239.7619,119.9348,0.0370,764.6198,961.1482,1009.4194,1226.7362,883.1895,970.4704,840.0125,1098.3552
45,grid,-0.2194,-0.0311,1.6650,-0.3155,149.6745,0.1521,566.8076,971.3424,738.2208,1233.6200,692.4973,1007.3218,659.4052,1084.7174
46,grid,-0.1924,-0.0270,1.6372,29.7218,149.6570,0.1166,588.4604,974.6305,770.9820,1236.9696,717.0979,1005.6262,679.7220,1089.7205
47,grid,-0.1654,-0.0227,1.6097,59.5759,149.7611,0.2168,610.6706,978.2850,803.5447,1240.2113,741.4061,1004.1093,700.7503,1094.9241
48,grid,-0.1384,-0.0186,1.5819,89.6231,149.7503,0.2367,633.7317,981.6851,836.9559,1243.7124,765.4570,1002.4285,722.2165,1100.2185
49,grid,-0.1114,-0.0145,1.5543,119.4948,149.7684,0.3098,657.5776,985.4640,870.0175,1247.0754,789.3598,1000.7757,744.2277,1105.5862
50,grid,-0.0844,-0.0102,1.5263,149.6425,149.8512,0.2081,682.5352,989.3747,903.9810,1250.6140,813.1615,999.3235,766.5959,1111.1662
51,grid,-0.0575,-0.0062,1.4986,179.5491,149.7750,0.1419,707.8427,993.3462,937.7014,1253.9979,836.6231,997.5880,789.7917,1116.7412
52,grid,-0.0304,-0.0020,1.4708,209.5643,149.8422,0.2121,734.7374,997.4680,972.0459,1257.5083,859.8638,996.2038,813.3624,1122.5172
53,grid,-0.0037,0.0022,1.4427,239.6398,149.8421,-0.1009,762.1269,1001.9492,1006.4930,1260.9899,883.1359,994.5810,837.5704,1128.5627
54,screen_TL,-0.3834,-0.3756,1.8219,-202.1118,-95.7320,0.6994,448.9384,687.3860,549.8912,949.0172,511.7924,803.2743,543.6497,839.2569
55,screen_TR,0.1978,-0.2845,1.2276,441.8398,-93.8067,2.4637,1009.7330,650.9828,1263.9924,1000.3306,1037.7473,786.2050,1046.1672,900.7450
56,screen_BR,0.1701,0.1911,1.2737,440.5994,274.7908,1.6045,968.9768,1222.8404,1235.4756,1432.4790,1029.8106,1084.1629,1005.8375,1306.7012
57,screen_BL,-0.4085,0.1038,1.8683,-201.8258,275.7682,1.3397,436.4069,1083.2193,513.3192,1347.8321,525.3388,1125.1989,528.0421,1162.1311
