frame,t,moving_fraction,moving_mean_speed,background_median,mean_u,mean_v,moving_blobs
0,0.0000,0.0000,1.2654,0.0002,-0.1538,-1.2558,0
1,0.0333,0.0000,1.1951,0.0007,-0.1520,-1.1854,0
2,0.0667,0.0002,0.8735,0.0020,0.6590,-0.1035,0
3,0.1000,0.0005,0.9611,0.0039,0.0579,0.2843,0
4,0.1333,0.0008,0.9343,0.0062,-0.5340,-0.2289,0
5,0.1667,0.0010,1.0125,0.0045,-0.0712,-0.4116,1
6,0.2000,0.0009,1.0080,0.0015,-0.1326,0.3223,1
7,0.2333,0.0013,0.9488,0.0228,-0.4592,-0.0035,1
8,0.2667,0.0024,0.9826,0.0635,0.6449,-0.0172,1
9,0.3000,0.0017,0.9079,0.0130,-0.7775,-0.0155,0
10,0.3333,0.0005,0.9188,0.0103,0.5221,-0.3133,0
11,0.3667,0.0004,1.0412,0.0045,-0.9722,0.0064,0
12,0.4000,0.0017,0.9664,0.0151,-0.4158,-0.1281,1
13,0.4333,0.0011,0.9381,0.0101,0.6330,0.1769,1
14,0.4667,0.0002,1.0246,0.0184,-0.0095,-1.0226,0
15,0.5000,0.0000,0.8671,0.0103,-0.0111,0.8670,0
16,0.5333,0.0000,0.0000,0.0017,0.0000,0.0000,0
17,0.5667,0.0001,1.2697,0.0011,0.8546,-0.1099,0
18,0.6000,0.0000,0.0000,0.0011,0.0000,0.0000,0
19,0.6333,0.0000,0.0000,0.0011,0.0000,0.0000,0
20,0.6667,0.0001,1.2301,0.0008,0.8493,-0.0674,0
21,0.7000,0.0000,1.3769,0.0002,-0.2032,-1.3618,0
22,0.7333,0.0000,1.2979,0.0002,-0.1920,-1.2836,0
23,0.7667,0.0000,1.3915,0.0006,-0.2052,-1.3763,0
24,0.8000,0.0000,1.0241,0.0042,-0.4659,-0.8007,0
25,0.8333,0.0000,1.1655,0.0021,1.1401,0.2402,0
26,0.8667,0.0000,0.0000,0.0016,0.0000,0.0000,0
27,0.9000,0.0000,1.0467,0.0019,-0.4585,-0.8764,0
28,0.9333,0.0022,2.2043,0.0422,-1.7203,-0.0164,1
29,0.9667,0.0053,7.2390,0.0034,-5.7860,-3.7978,1
30,1.0000,0.0075,7.6192,0.0017,-6.4688,-3.5017,1
31,1.0333,0.0118,7.3656,0.0034,-5.6529,-4.1726,1
32,1.0667,0.0163,7.5732,0.0021,-5.7690,-4.5492,1
33,1.1000,0.0211,8.0590,0.0023,-5.5427,-5.5653,1
34,1.1333,0.0228,7.3439,0.0088,-5.0707,-4.9811,1
35,1.1667,0.0264,7.1477,0.0118,-4.6650,-5.0526,1
36,1.2000,0.0313,6.4882,0.0012,-4.1928,-4.6260,1
37,1.2333,0.0350,6.4906,0.0012,-3.8195,-4.9207,1
38,1.2667,0.0376,5.0793,0.0013,-2.7380,-4.0197,1
39,1.3000,0.0393,4.6886,0.0018,-2.3811,-3.7926,1
40,1.3333,0.0414,3.6528,0.0011,-1.8404,-3.0122,2
41,1.3667,0.0434,3.1687,0.0008,-1.7730,-2.5116,1
42,1.4000,0.0433,2.5632,0.0011,-1.3668,-2.0461,2
43,1.4333,0.0457,2.2383,0.0002,-1.3658,-1.6116,1
44,1.4667,0.0427,1.7527,0.0001,-0.6979,-1.4895,1
45,1.5000,0.0453,1.8869,0.0000,-0.3579,-1.7732,2
46,1.5333,0.0462,1.8241,0.0000,-0.0934,-1.7518,2
47,1.5667,0.0461,1.9733,0.0002,0.1545,-1.8884,2
48,1.6000,0.0439,1.5376,0.0001,0.2027,-1.4747,2
49,1.6333,0.0453,1.5519,0.0001,0.0463,-1.4595,1
50,1.6667,0.0280,1.2531,0.0002,0.3893,-1.0246,3
51,1.7000,0.0261,1.3633,0.0006,0.3129,-1.1637,3
52,1.7333,0.0205,1.2476,0.0004,0.3860,-0.8359,3
53,1.7667,0.0124,1.1756,0.0007,0.3327,-0.7030,4
54,1.8000,0.0052,0.9037,0.0003,-0.3740,-0.1643,3
55,1.8333,0.0227,1.0608,0.0001,-0.7192,-0.3482,5
56,1.8667,0.0328,1.2117,0.0001,-0.8161,-0.6882,3
57,1.9000,0.0458,1.4809,0.0355,-1.0577,-0.8774,1
58,1.9333,0.0510,1.7914,0.0000,-1.4445,-0.8961,1
59,1.9667,0.0496,1.8579,0.0000,-1.6467,-0.5366,1
60,2.0000,0.0506,2.0876,0.0029,-1.9396,-0.2143,2
61,2.0333,0.0521,2.2099,0.0016,-2.0487,-0.2655,2
62,2.0667,0.0511,2.0126,0.0001,-1.8171,-0.3594,2
63,2.1000,0.0532,2.0540,0.0001,-1.8772,-0.5433,2
64,2.1333,0.0525,1.8792,0.0002,-1.6844,-0.5163,2
65,2.1667,0.0538,1.8750,0.0001,-1.7341,-0.3442,2
66,2.2000,0.0470,1.6410,0.0001,-1.4834,0.0971,2
67,2.2333,0.0495,1.4865,0.0002,-1.3770,0.2830,2
68,2.2667,0.0409,1.3024,0.0033,-1.0962,0.1104,2
69,2.3000,0.0493,1.1729,0.0023,-1.0883,-0.0341,2
70,2.3333,0.0477,1.1666,0.0041,-1.0634,-0.1514,2
71,2.3667,0.0462,1.0670,0.0040,-0.9944,-0.0822,2
72,2.4000,0.0377,1.0268,0.0047,-0.9655,-0.0797,2
73,2.4333,0.0161,0.9411,0.0037,-0.8904,-0.0881,5
74,2.4667,0.0139,0.9719,0.0075,-0.8670,-0.3071,3
75,2.5000,0.0078,0.9635,0.0051,-0.6564,-0.2026,5
76,2.5333,0.0022,1.0569,0.0139,-0.7766,-0.6558,1
77,2.5667,0.0029,0.8743,0.0096,-0.7644,-0.3548,1
78,2.6000,0.0021,1.0053,0.0090,-0.4924,-0.3675,1
79,2.6333,0.0006,0.8446,0.0055,0.4460,-0.6546,0
80,2.6667,0.0124,0.9677,0.0101,0.4154,-0.6838,1
81,2.7000,0.0110,0.9680,0.0063,0.5872,-0.5413,2
82,2.7333,0.0207,1.3066,0.0165,0.8936,-0.6944,2
83,2.7667,0.0233,1.2469,0.0010,0.9855,-0.4861,1
84,2.8000,0.0293,1.5921,0.0100,1.2824,-0.5708,2
85,2.8333,0.0358,1.9162,0.0034,1.5311,-0.4207,2
86,2.8667,0.0380,2.0604,0.0000,1.8547,-0.2551,2
87,2.9000,0.0437,2.0238,0.0257,1.8680,-0.0052,3
88,2.9333,0.0467,2.3891,0.0033,2.2058,-0.0730,2
89,2.9667,0.0501,2.2780,0.0002,2.1408,0.1321,2
90,3.0000,0.0487,2.6561,0.0000,2.3395,0.1192,2
91,3.0333,0.0546,2.2195,0.0000,2.0372,0.1091,2
92,3.0667,0.0510,2.5703,0.0004,2.3118,0.1122,2
93,3.1000,0.0518,2.2987,0.0000,2.1136,0.1514,2
94,3.1333,0.0493,2.5517,0.0000,2.2992,-0.1004,2
95,3.1667,0.0524,2.3335,0.0000,2.1540,0.0463,2
96,3.2000,0.0519,2.5981,0.0000,2.3719,0.1108,2
97,3.2333,0.0531,2.6368,0.0000,2.3798,0.1294,2
98,3.2667,0.0532,2.6300,0.0000,2.3808,0.0335,2
99,3.3000,0.0532,2.4762,0.0000,2.2133,0.0251,2
100,3.3333,0.0532,2.6107,0.0000,2.4152,-0.1126,2
101,3.3667,0.0496,2.3192,0.0000,2.0955,0.0851,2
102,3.4000,0.0517,2.2902,0.0000,2.1108,0.0409,2
103,3.4333,0.0488,2.0312,0.0000,1.8739,0.1202,2
104,3.4667,0.0495,2.1225,0.0000,1.9691,-0.0431,2
105,3.5000,0.0474,1.8882,0.0000,1.6428,0.0814,2
106,3.5333,0.0460,1.8950,0.0000,1.7138,-0.1910,2
107,3.5667,0.0401,1.4949,0.0000,1.2686,-0.3830,2
108,3.6000,0.0408,1.4591,0.0000,1.1422,-0.5574,2
109,3.6333,0.0375,1.3352,0.0000,0.8967,-0.8123,2
110,3.6667,0.0374,1.1955,0.0000,0.4324,-0.9378,2
111,3.7000,0.0376,1.2326,0.0000,0.2483,-1.0208,2
112,3.7333,0.0426,1.1844,0.0000,-0.1959,-1.0096,2
113,3.7667,0.0479,1.3428,0.0064,-0.4619,-1.1390,1
114,3.8000,0.0503,1.4436,0.0034,-0.7554,-1.1308,1
115,3.8333,0.0578,1.8406,0.0044,-1.1323,-1.3484,1
116,3.8667,0.0594,2.0083,0.0104,-1.4635,-1.3087,1
117,3.9000,0.0613,2.4857,0.0018,-1.8865,-1.5447,1
118,3.9333,0.0640,2.8149,0.0018,-2.1739,-1.6790,1
119,3.9667,0.0668,3.2554,0.0000,-2.5561,-1.8490,1
120,4.0000,0.0673,3.5303,0.0000,-2.9520,-1.7909,1
121,4.0333,0.0676,3.9605,0.0000,-3.3800,-1.8892,1
122,4.0667,0.0670,4.2375,0.0000,-3.4959,-2.1861,1
123,4.1000,0.0686,4.7816,0.0000,-3.9360,-2.4979,2
124,4.1333,0.0690,4.9065,0.0000,-4.0376,-2.5880,2
125,4.1667,0.0709,5.1402,0.0000,-4.1528,-2.8796,2
126,4.2000,0.0735,5.2814,0.0000,-4.1557,-3.0831,1
127,4.2333,0.0757,5.4901,0.0002,-3.9974,-3.4778,1
128,4.2667,0.0782,5.4866,0.0001,-4.1908,-3.4153,1
129,4.3000,0.0798,5.6213,0.0001,-4.2862,-3.4861,1
130,4.3333,0.0826,5.1789,0.0003,-4.1031,-3.0428,1
131,4.3667,0.0853,5.0792,0.0071,-3.8427,-3.1384,1
132,4.4000,0.0860,4.5257,0.0096,-3.4534,-2.7360,1
133,4.4333,0.0872,4.4685,0.0000,-3.2650,-2.8396,1
134,4.4667,0.0857,3.7700,0.0099,-2.7719,-2.3385,1
135,4.5000,0.0867,3.6389,0.0156,-2.3870,-2.5304,1
136,4.5333,0.0862,3.3142,0.0048,-2.1312,-2.2882,1
137,4.5667,0.0857,3.0724,0.0025,-1.9423,-2.1734,1
138,4.6000,0.0863,2.8149,0.0063,-1.7484,-2.0398,1
139,4.6333,0.0861,2.6456,0.0017,-1.6319,-1.9496,1
140,4.6667,0.0853,2.4322,0.0032,-1.4883,-1.8201,1
141,4.7000,0.0845,2.2711,0.0026,-1.2704,-1.8099,1
142,4.7333,0.0813,2.1580,0.0041,-1.0696,-1.7756,1
143,4.7667,0.0833,1.8917,0.0029,-1.0211,-1.4484,1
144,4.8000,0.0820,1.9583,0.0001,-0.8431,-1.4184,1
145,4.8333,0.0811,1.8018,0.0001,-0.7880,-1.2074,1
146,4.8667,0.0819,1.9859,0.0345,-0.6775,-1.2341,1
147,4.9000,0.0788,2.0850,0.0000,-0.6935,-1.2017,1
148,4.9333,0.0800,2.0635,0.0000,-0.4488,-1.2990,1
149,4.9667,0.0793,2.1988,0.0000,-0.4590,-1.2492,1
150,5.0000,0.0817,2.2843,0.0196,-0.1538,-1.3893,1
151,5.0333,0.0814,2.1970,0.0159,-0.1813,-1.4248,1
152,5.0667,0.0845,2.3698,0.0486,0.0756,-1.7371,2
153,5.1000,0.0805,2.3795,0.0587,-0.0252,-1.7173,2
154,5.1333,0.0821,2.8124,0.0639,0.0934,-2.2366,2
155,5.1667,0.0816,2.7849,0.0539,0.2611,-2.1770,3
156,5.2000,0.0808,3.0738,0.1626,-0.0253,-2.5960,2
157,5.2333,0.0853,3.1181,0.2435,0.2501,-2.5078,4
158,5.2667,0.0837,2.7388,0.1596,-0.0752,-2.3566,3
159,5.3000,0.0816,3.2043,0.0820,0.2905,-2.8000,4
160,5.3333,0.0739,2.3696,0.0446,0.2487,-2.0046,1
161,5.3667,0.0759,2.5779,0.0418,0.2965,-2.2436,1
162,5.4000,0.0707,2.0622,0.0337,0.1442,-1.7722,1
163,5.4333,0.0700,2.1940,0.0195,0.0524,-1.9079,1
164,5.4667,0.0682,1.9365,0.0039,-0.2043,-1.7896,2
165,5.5000,0.0692,2.0515,0.0045,-0.2131,-1.8576,1
166,5.5333,0.0703,1.8533,0.0050,-0.4418,-1.6628,1
167,5.5667,0.0701,1.7776,0.0017,-0.5470,-1.5348,1
168,5.6000,0.0699,1.5664,0.0023,-0.7697,-1.2456,1
169,5.6333,0.0712,1.6745,0.0023,-0.9784,-1.2522,1
170,5.6667,0.0706,1.6991,0.0122,-1.1704,-1.0860,1
171,5.7000,0.0724,1.8905,0.0030,-1.4318,-1.0675,1
172,5.7333,0.0732,1.9440,0.0084,-1.5392,-1.0463,2
173,5.7667,0.0777,2.3356,0.0038,-1.9336,-1.1558,1
174,5.8000,0.0784,2.3895,0.0207,-1.9722,-1.1963,1
175,5.8333,0.0798,2.5753,0.0640,-2.1560,-1.1185,1
176,5.8667,0.0824,2.7572,0.0151,-2.2631,-1.3520,2
177,5.9000,0.0834,2.7016,0.0111,-2.3938,-0.9691,3
178,5.9333,0.0856,2.9747,0.0048,-2.3445,-1.3148,3
179,5.9667,0.0808,2.7556,0.0040,-2.4668,-0.7424,3
180,6.0000,0.0805,3.1971,0.0043,-2.7434,-1.1798,3
181,6.0333,0.0833,3.2702,0.0098,-2.8650,-1.1457,2
182,6.0667,0.0852,3.6647,0.0236,-3.0825,-1.5764,2
183,6.1000,0.0884,3.6679,0.0243,-3.0034,-1.7269,2
184,6.1333,0.0918,3.7869,0.0170,-3.0432,-1.8908,3
185,6.1667,0.0917,3.9471,0.0059,-3.0638,-2.2796,2
186,6.2000,0.0942,4.1114,0.0012,-3.0719,-2.3417,2
187,6.2333,0.1000,3.9100,0.0010,-2.9159,-2.4227,2
188,6.2667,0.1045,3.9603,0.0002,-2.9358,-2.4683,2
189,6.3000,0.1068,3.8280,0.0001,-2.9417,-2.2347,2
190,6.3333,0.1077,3.9356,0.0025,-3.0609,-2.2418,2
191,6.3667,0.1082,3.8041,0.0018,-2.9699,-2.0638,2
192,6.4000,0.1087,3.9953,0.0025,-3.0751,-2.1325,2
193,6.4333,0.1107,4.0425,0.0023,-3.0702,-2.2899,2
194,6.4667,0.1110,4.2418,0.0091,-3.0896,-2.6148,2
195,6.5000,0.1116,3.9039,0.0044,-2.8826,-2.4852,2
196,6.5333,0.1109,3.9167,0.0036,-2.8677,-2.5341,2
197,6.5667,0.1111,3.7017,0.0107,-2.6378,-2.4960,2
198,6.6000,0.1082,3.6111,0.0076,-2.6243,-2.3206,2
199,6.6333,0.1019,3.6054,0.0070,-2.5364,-2.4223,3
200,6.6667,0.0934,3.6335,0.0162,-2.5272,-2.4716,2
201,6.7000,0.0922,3.7004,0.0127,-2.5244,-2.4798,4
202,6.7333,0.0906,3.5907,0.0134,-2.4338,-2.4119,5
203,6.7667,0.0839,3.5783,0.0128,-2.4203,-2.3292,3
204,6.8000,0.0786,3.8013,0.0104,-2.3583,-2.7322,6
205,6.8333,0.0905,3.2573,0.0690,-1.8041,-2.4039,4
206,6.8667,0.0755,3.8348,0.0000,-2.0675,-2.9810,3
207,6.9000,0.0923,3.0184,0.0000,-1.4942,-2.2805,5
208,6.9333,0.0882,3.0954,0.0032,-1.5332,-2.4127,3
209,6.9667,0.0975,2.6968,0.0015,-1.2506,-2.0372,3
210,7.0000,0.1009,2.5532,0.0011,-1.0836,-2.0155,3
211,7.0333,0.1117,2.4242,0.0020,-0.7571,-1.9636,2
212,7.0667,0.1146,2.3874,0.0013,-0.5683,-1.9975,2
213,7.1000,0.1122,2.1967,0.0005,-0.4403,-1.9362,2
214,7.1333,0.1132,2.0654,0.0004,-0.0535,-1.8619,1
215,7.1667,0.1040,1.8995,0.0010,0.0080,-1.6997,2
216,7.2000,0.1020,2.0564,0.0019,0.1845,-1.8461,1
217,7.2333,0.0963,1.8808,0.0013,0.5171,-1.5634,2
218,7.2667,0.0858,2.0102,0.0045,0.3344,-1.6755,4
219,7.3000,0.0982,1.9854,0.0093,0.8601,-1.4860,3
220,7.3333,0.0837,2.0009,0.0315,0.7278,-1.4467,5
221,7.3667,0.1062,2.0054,0.0160,0.8760,-1.4604,4
222,7.4000,0.0953,2.2489,0.0195,1.0901,-1.5013,5
223,7.4333,0.1053,2.2692,0.0365,1.0445,-1.6051,4
224,7.4667,0.1006,2.5477,0.0570,1.1755,-1.7741,3
225,7.5000,0.1076,2.5353,0.0227,1.0615,-1.7824,5
226,7.5333,0.1088,2.8369,0.0187,1.1140,-1.9439,5
227,7.5667,0.1001,2.7627,0.0101,1.2458,-1.7945,5
228,7.6000,0.1240,2.6506,0.0036,0.9481,-1.6299,3
229,7.6333,0.1196,2.3552,0.0030,1.0095,-1.0667,3
230,7.6667,0.1298,2.2356,0.0028,0.8599,-0.9408,2
231,7.7000,0.1419,2.1088,0.0038,0.6177,-0.8533,2
232,7.7333,0.1404,2.0169,0.0061,0.3927,-0.8155,2
233,7.7667,0.1436,1.9923,0.0038,0.2549,-1.0335,2
234,7.8000,0.1415,1.9775,0.0523,0.1202,-0.9682,2
235,7.8333,0.1367,1.9803,0.0000,-0.0348,-1.1455,2
236,7.8667,0.1359,1.9186,0.0013,-0.2083,-1.1721,2
237,7.9000,0.1274,1.8123,0.0012,-0.3956,-1.0116,2
238,7.9333,0.1273,1.7183,0.0011,-0.4121,-1.0827,2
239,7.9667,0.1227,1.6787,0.0005,-0.6354,-1.1126,2
240,8.0000,0.1253,1.7178,0.0005,-0.6212,-1.2461,2
241,8.0333,0.1189,1.8017,0.0000,-0.7560,-1.3456,3
242,8.0667,0.1329,1.7929,0.0000,-0.9058,-1.0943,2
243,8.1000,0.1206,1.8017,0.0000,-1.0234,-1.1358,2
244,8.1333,0.1148,1.9376,0.0000,-1.1626,-1.2470,2
245,8.1667,0.1106,2.0521,0.0000,-1.2676,-1.2981,2
246,8.2000,0.1119,2.2336,0.0000,-1.3586,-1.4258,4
247,8.2333,0.1062,2.3804,0.0000,-1.4946,-1.5005,5
248,8.2667,0.0991,2.4392,0.0000,-1.5785,-1.7250,2
249,8.3000,0.1034,2.6973,0.0393,-1.6413,-1.9617,6
250,8.3333,0.1082,2.6493,0.0030,-1.5043,-1.9810,4
251,8.3667,0.0943,1.5965,0.0061,-1.0475,-1.1005,3
252,8.4000,0.1018,3.2790,0.0045,-1.8078,-2.5746,5
253,8.4333,0.1105,2.7521,0.0022,-1.4064,-1.9632,6
254,8.4667,0.1065,3.1917,0.0074,-1.6602,-2.5000,6
255,8.5000,0.1191,2.6629,0.0061,-1.1803,-1.9982,4
256,8.5333,0.1071,2.9114,0.0063,-1.6674,-2.0335,3
257,8.5667,0.1095,2.5459,0.0121,-1.4749,-1.7452,4
258,8.6000,0.1069,2.5340,0.0375,-1.6106,-1.4866,3
259,8.6333,0.1078,2.4015,0.0312,-1.3320,-1.6850,3
260,8.6667,0.1019,2.1167,0.0289,-1.2231,-1.3502,2
261,8.7000,0.1017,2.1750,0.0375,-1.1062,-1.6055,4
262,8.7333,0.0972,2.0648,0.0342,-0.9104,-1.4659,5
263,8.7667,0.0926,2.0443,0.0264,-1.0532,-1.5133,6
264,8.8000,0.1024,1.8966,0.1214,-0.6172,-1.4205,8
265,8.8333,0.0855,1.7900,0.0006,-0.9219,-1.3128,2
266,8.8667,0.0825,1.8170,0.0006,-0.7281,-1.4538,2
267,8.9000,0.0756,1.5625,0.0087,-0.7181,-1.1512,1
268,8.9333,0.0736,1.6269,0.0062,-0.6202,-1.2339,1
269,8.9667,0.0666,1.4595,0.0044,-0.6350,-1.1477,2
270,9.0000,0.0611,1.6594,0.0065,-0.6495,-1.3107,1
271,9.0333,0.0572,1.8528,0.0020,-0.5906,-1.2748,1
272,9.0667,0.0573,1.3498,0.0017,-0.4623,-1.1611,1
273,9.1000,0.0469,1.2734,0.0000,-0.4083,-1.0112,1
274,9.1333,0.0514,1.3463,0.0000,-0.3511,-1.1698,1
275,9.1667,0.0393,1.3271,0.0011,-0.4219,-1.1228,2
276,9.2000,0.0471,1.4513,0.0008,-0.3327,-1.3063,1
277,9.2333,0.0336,1.3636,0.0027,-0.4614,-1.2294,2
278,9.2667,0.0498,1.4344,0.0030,-0.1963,-1.3891,1
279,9.3000,0.0508,1.4900,0.0040,-0.1567,-1.4444,1
280,9.3333,0.0550,1.6099,0.0037,-0.0705,-1.5613,2
281,9.3667,0.0557,1.8964,0.0053,0.0170,-1.8382,2
282,9.4000,0.0589,2.0475,0.0057,-0.1103,-2.0012,1
283,9.4333,0.0572,1.7793,0.0037,-0.1289,-1.7099,1
284,9.4667,0.0567,1.8115,0.0435,-0.1883,-1.7383,1
285,9.5000,0.0507,1.8259,0.0416,-0.1541,-1.7279,2
286,9.5333,0.0417,1.9382,0.0464,-0.4541,-1.4606,3
287,9.5667,0.0483,1.9217,0.0281,-0.2428,-1.6991,2
288,9.6000,0.0433,1.9972,0.0289,-0.4506,-1.7347,2
289,9.6333,0.0574,1.9638,0.0086,-0.3182,-1.8342,2
290,9.6667,0.0545,1.6429,0.0105,-0.4183,-1.4825,2
291,9.7000,0.0656,1.7097,0.0015,-0.5469,-1.4755,2
292,9.7333,0.0624,1.5687,0.0014,-0.6052,-1.2698,2
293,9.7667,0.0606,1.5169,0.0002,-0.6916,-1.2547,2
294,9.8000,0.0586,1.6635,0.0694,-0.8844,-1.0696,5
295,9.8333,0.0611,1.5864,0.0000,-0.8281,-1.2291,1
296,9.8667,0.0610,1.6404,0.0000,-0.8613,-1.1773,1
297,9.9000,0.0649,1.7245,0.0000,-0.8224,-1.3108,1
298,9.9333,0.0653,1.6548,0.0026,-0.8709,-1.2122,1
299,9.9667,0.0642,1.7755,0.0010,-0.9197,-1.0684,1
300,10.0000,0.0659,1.6421,0.0009,-1.0058,-0.9896,1
301,10.0333,0.0641,1.8670,0.0016,-1.3570,-0.8352,2
302,10.0667,0.0664,1.8350,0.0008,-1.3570,-0.9644,3
303,10.1000,0.0709,2.0335,0.0004,-1.4976,-1.0577,3
304,10.1333,0.0734,2.0037,0.0003,-1.4008,-1.1907,3
305,10.1667,0.0747,2.0474,0.0007,-1.5244,-1.0787,2
306,10.2000,0.0756,2.0566,0.0030,-1.4787,-1.0161,2
307,10.2333,0.0700,1.8743,0.0017,-1.5374,-0.7913,2
308,10.2667,0.0675,1.9778,0.0025,-1.4473,-1.0088,3
309,10.3000,0.0641,1.8368,0.0050,-1.5465,-0.6248,2
310,10.3333,0.0642,1.9912,0.0109,-1.4301,-1.0752,1
311,10.3667,0.0605,1.9321,0.0181,-1.4502,-0.8855,1
312,10.4000,0.0619,1.8101,0.0451,-1.2781,-0.7863,2
313,10.4333,0.0602,1.6892,0.0742,-1.1138,-0.8734,1
314,10.4667,0.0561,1.5085,0.0412,-1.1371,-0.5761,2
315,10.5000,0.0568,1.5477,0.0140,-1.0042,-0.9190,2
316,10.5333,0.0418,1.3573,0.0175,-1.0284,-0.5681,5
317,10.5667,0.0511,1.4013,0.0159,-0.8897,-0.8585,4
318,10.6000,0.0311,1.2398,0.0176,-0.7754,-0.6741,4
319,10.6333,0.0301,1.8095,0.0073,-1.0700,-1.0216,7
320,10.6667,0.0241,2.6346,0.0036,-1.3314,-1.6749,4
321,10.7000,0.0238,3.3465,0.0029,-2.0411,-1.9939,5
322,10.7333,0.0159,4.4405,0.0007,-2.8332,-2.6176,4
323,10.7667,0.0206,4.2639,0.0656,-2.7016,-2.0783,4
324,10.8000,0.0190,5.3900,0.0003,-3.9923,-2.8084,5
325,10.8333,0.0208,5.7075,0.0002,-4.2062,-3.3850,4
326,10.8667,0.0219,6.2878,0.0042,-5.1165,-3.2346,2
327,10.9000,0.0301,5.5096,0.0026,-4.1407,-2.8730,5
328,10.9333,0.0308,6.6045,0.0031,-4.8769,-3.9849,3
329,10.9667,0.0334,7.5122,0.0043,-5.4993,-4.8637,3
330,11.0000,0.0347,8.0019,0.0022,-5.6442,-5.5356,2
331,11.0333,0.0367,8.1405,0.0016,-5.8063,-5.5733,1
332,11.0667,0.0365,7.8003,0.0026,-5.6939,-5.1627,3
333,11.1000,0.0376,7.6674,0.0021,-5.8198,-4.8434,2
334,11.1333,0.0405,7.2557,0.0026,-5.6123,-4.3196,3
335,11.1667,0.0413,6.8217,0.0042,-5.2475,-4.0321,2
336,11.2000,0.0445,6.4241,0.0011,-4.9265,-3.8065,2
337,11.2333,0.0460,6.1857,0.0011,-4.6766,-3.6176,2
338,11.2667,0.0507,5.7168,0.0014,-4.1321,-3.4365,2
339,11.3000,0.0517,5.4905,0.0013,-3.9070,-3.3384,2
340,11.3333,0.0537,5.2371,0.0004,-3.5644,-3.3650,2
341,11.3667,0.0556,4.5573,0.0005,-2.9567,-3.0105,2
342,11.4000,0.0629,3.8028,0.0264,-2.3036,-2.5096,5
343,11.4333,0.0604,3.4319,0.0005,-1.8288,-2.3515,2
344,11.4667,0.0611,3.1374,0.0011,-1.3943,-2.3532,2
345,11.5000,0.0623,2.9697,0.0020,-1.0345,-2.3819,2
346,11.5333,0.0622,2.8076,0.0077,-0.7989,-2.3003,2
347,11.5667,0.0637,2.7843,0.0046,-0.5885,-2.3745,3
348,11.6000,0.0646,2.7025,0.0044,-0.3244,-2.3461,2
349,11.6333,0.0663,2.6136,0.0022,-0.1547,-2.1973,2
350,11.6667,0.0665,2.5113,0.0028,-0.0250,-2.1006,4
351,11.7000,0.0664,2.6174,0.0017,0.0288,-2.2986,2
352,11.7333,0.0662,2.3814,0.0026,0.1125,-2.0689,2
353,11.7667,0.0756,2.2087,0.0544,0.1771,-1.8540,5
354,11.8000,0.0696,2.5900,0.0000,0.3946,-2.2854,4
355,11.8333,0.0700,2.7293,0.0000,0.4405,-2.4715,2
356,11.8667,0.0773,3.1111,0.0000,0.5302,-2.7618,7
357,11.9000,0.0787,3.1741,0.0036,0.5690,-2.8155,6
358,11.9333,0.0789,3.1768,0.0015,0.6252,-2.6164,6
359,11.9667,0.0797,2.6948,0.0018,0.5893,-2.2837,4
360,12.0000,0.0791,2.5114,0.0022,0.5301,-2.0759,5
361,12.0333,0.0787,2.1434,0.0048,0.3783,-1.7879,7
362,12.0667,0.0762,2.2787,0.0022,0.2796,-1.8925,7
363,12.1000,0.0772,2.2185,0.0068,-0.0080,-1.9267,8
364,12.1333,0.0765,2.6255,0.0034,-0.1072,-2.3157,7
365,12.1667,0.0796,2.4483,0.0109,-0.3928,-2.1426,5
366,12.2000,0.0743,2.6887,0.0040,-0.4295,-2.3979,4
367,12.2333,0.0809,2.3550,0.0139,-0.5912,-2.0327,5
368,12.2667,0.0754,2.4325,0.0057,-0.7615,-2.0409,6
369,12.3000,0.0765,2.3451,0.0095,-0.8931,-1.9818,7
370,12.3333,0.0772,2.4277,0.0053,-1.1138,-1.9418,9
371,12.3667,0.0782,2.2629,0.0154,-1.3322,-1.6072,7
372,12.4000,0.0768,2.6190,0.0052,-1.5560,-1.9331,6
373,12.4333,0.0841,2.3485,0.0089,-1.4168,-1.5873,8
374,12.4667,0.0767,2.4933,0.0028,-1.7442,-1.5801,5
375,12.5000,0.0829,2.3411,0.0081,-1.6141,-1.3941,8
376,12.5333,0.0811,2.4240,0.0043,-1.7615,-1.3019,6
377,12.5667,0.0864,2.4625,0.0042,-1.6266,-1.4870,8
378,12.6000,0.0823,2.7959,0.0030,-1.8082,-1.8537,4
379,12.6333,0.0870,2.8491,0.0023,-1.6976,-2.0003,4
380,12.6667,0.0878,2.8815,0.0014,-1.6238,-2.1241,4
381,12.7000,0.0843,2.8673,0.0000,-1.8048,-1.9051,3
382,12.7333,0.0848,2.8080,0.0479,-1.8412,-1.6934,4
383,12.7667,0.0853,2.9044,0.0031,-2.0186,-1.6389,3
384,12.8000,0.0865,2.7544,0.0025,-1.9304,-1.4606,4
385,12.8333,0.0876,2.4836,0.0001,-1.8048,-1.1849,5
386,12.8667,0.0911,2.2663,0.0001,-1.5944,-1.3020,5
387,12.9000,0.0844,2.2785,0.0000,-1.4339,-1.3441,5
388,12.9333,0.0847,2.1781,0.0000,-1.3449,-1.5960,4
389,12.9667,0.0771,2.2400,0.0000,-1.1778,-1.7910,3
390,13.0000,0.0769,1.9264,0.0000,-1.0426,-1.5263,2
391,13.0333,0.0726,1.6805,0.0000,-0.8520,-1.3641,2
392,13.0667,0.0665,1.5184,0.0000,-0.7576,-1.2393,3
393,13.1000,0.0551,1.4335,0.0000,-0.5429,-1.1939,4
394,13.1333,0.0620,1.4156,0.0000,-0.4117,-1.2852,2
395,13.1667,0.0671,1.2593,0.0000,-0.3657,-1.0811,3
396,13.2000,0.0748,1.2377,0.0000,-0.3167,-1.0736,4
397,13.2333,0.0669,1.1948,0.0000,-0.4594,-0.8612,2
398,13.2667,0.0753,1.1606,0.0000,-0.4725,-0.8728,2
399,13.3000,0.0747,1.2527,0.0000,-0.5553,-0.8523,3
400,13.3333,0.0811,1.2660,0.0000,-0.7008,-0.8310,3
401,13.3667,0.0824,1.3013,0.0000,-0.7648,-0.7749,2
402,13.4000,0.0833,1.3810,0.0000,-0.9425,-0.7173,2
403,13.4333,0.0871,1.4324,0.0000,-1.0123,-0.7365,3
404,13.4667,0.0888,1.3493,0.0000,-1.0238,-0.6793,3
405,13.5000,0.0890,1.4250,0.0000,-1.0495,-0.7791,2
406,13.5333,0.0954,1.4815,0.0000,-1.2349,-0.6176,2
407,13.5667,0.0921,1.4768,0.0000,-1.2212,-0.5397,2
408,13.6000,0.1004,1.5036,0.0000,-1.2445,-0.5722,2
409,13.6333,0.1012,1.4378,0.0000,-1.2356,-0.4807,3
410,13.6667,0.1061,1.5287,0.0000,-1.3273,-0.4935,3
411,13.7000,0.1036,1.4837,0.0124,-1.3086,-0.4519,2
412,13.7333,0.1017,1.5534,0.0288,-1.4000,-0.3525,3
413,13.7667,0.1041,1.4575,0.0000,-1.3624,-0.2227,3
414,13.8000,0.1024,1.5451,0.0009,-1.4617,-0.2905,2
415,13.8333,0.0938,1.4891,0.0003,-1.3967,-0.1449,3
416,13.8667,0.0938,1.3542,0.0003,-1.2571,-0.2850,2
417,13.9000,0.0970,1.5145,0.0008,-1.4207,-0.2038,1
418,13.9333,0.0893,1.3595,0.0001,-1.2971,-0.1510,2
419,13.9667,0.0935,1.4811,0.0001,-1.3991,-0.1705,2
420,14.0000,0.0877,1.3575,0.0015,-1.2788,-0.0694,2
421,14.0333,0.0954,1.4551,0.1569,-1.2369,-0.3665,2
422,14.0667,0.3715,1.1307,0.4994,-0.3189,-0.2876,7
423,14.1000,0.2471,1.1585,0.5865,-0.4702,0.4965,23
424,14.1333,0.1018,1.1326,0.2693,-0.7836,-0.4158,9
425,14.1667,0.2169,1.1243,0.4007,-0.3636,-0.3647,6
426,14.2000,0.3703,1.0898,0.4520,-0.1537,-0.2067,8
427,14.2333,0.3841,1.1366,0.4350,-0.2606,0.4299,6
428,14.2667,0.2635,1.0353,0.3851,-0.0932,-0.2788,5
429,14.3000,0.0933,1.1518,0.3075,-0.6719,0.2042,13
430,14.3333,0.0688,1.1624,0.2591,-0.6198,-0.3330,10
431,14.3667,0.0451,1.1237,0.2510,-0.7873,0.4743,4
432,14.4000,0.0378,1.0840,0.1285,-0.6814,-0.2720,6
433,14.4333,0.0472,1.1610,0.0817,-0.9876,0.2364,1
434,14.4667,0.0338,1.0829,0.1176,-0.6220,-0.2106,4
435,14.5000,0.0360,1.1831,0.1112,-0.7986,0.2854,5
436,14.5333,0.0310,1.1277,0.0979,-0.2665,-0.3363,3
437,14.5667,0.0418,1.1633,0.0371,-0.3495,0.1645,4
438,14.6000,0.0303,1.1451,0.0815,-0.2520,-0.4243,5
439,14.6333,0.0329,1.1542,0.0739,0.0447,-0.0213,3
440,14.6667,0.0426,1.1427,0.0605,-0.0058,-0.4021,4
441,14.7000,0.0439,1.1641,0.0730,0.1487,-0.2011,6
442,14.7333,0.0532,1.3150,0.0048,0.2886,-0.4685,5
443,14.7667,0.0524,1.3418,0.0056,0.3929,-0.3738,2
444,14.8000,0.0604,1.4432,0.0118,0.5488,-0.3154,2
445,14.8333,0.0568,1.5203,0.0182,0.5081,-0.0159,4
446,14.8667,0.0600,1.7510,0.0618,0.6298,0.2389,4
447,14.9000,0.0677,1.7720,0.1242,0.4177,0.6553,4
448,14.9333,0.0731,1.9153,0.0975,0.5632,0.8290,3
449,14.9667,0.0734,2.1148,0.0522,0.5534,1.2223,3
450,15.0000,0.0693,2.0396,0.0198,0.5469,1.1615,3
451,15.0333,0.0786,2.0645,0.0117,0.6202,1.2306,2
452,15.0667,0.0734,2.1052,0.0024,0.4941,1.1792,2
453,15.1000,0.0805,2.0871,0.0031,0.3179,1.2678,4
454,15.1333,0.0791,2.0594,0.0131,0.2765,1.2779,3
455,15.1667,0.0780,2.1842,0.0134,0.0782,1.2773,4
456,15.2000,0.0786,2.1667,0.0260,0.2503,1.3663,3
457,15.2333,0.0734,2.2623,0.0370,0.1338,1.6897,6
458,15.2667,0.0712,2.2758,0.0135,0.2101,1.7344,5
459,15.3000,0.0761,2.3331,0.0077,0.2962,1.8265,5
460,15.3333,0.0682,2.2753,0.0007,0.2176,1.8020,8
461,15.3667,0.0671,2.1589,0.0008,0.1574,1.7676,8
462,15.4000,0.0617,1.9568,0.0124,0.1171,1.5210,4
463,15.4333,0.0618,1.8482,0.0114,0.2608,1.4510,4
464,15.4667,0.0579,1.7252,0.0082,0.0282,1.1882,4
465,15.5000,0.0503,1.4099,0.0083,0.1454,0.9999,4
466,15.5333,0.0479,1.3104,0.0075,0.1740,0.8825,4
467,15.5667,0.0341,1.0393,0.0131,0.0757,0.6166,5
468,15.6000,0.0169,1.2717,0.0092,0.1525,0.2642,9
469,15.6333,0.0150,1.3282,0.0072,-0.5022,0.1824,6
470,15.6667,0.0209,1.1580,0.0001,-0.6064,-0.0011,7
471,15.7000,0.0427,1.1636,0.0757,-0.6324,-0.3791,9
472,15.7333,0.0391,1.2794,0.0000,-0.7744,-0.4140,3
473,15.7667,0.0452,1.4680,0.0000,-0.9178,-0.4701,4
474,15.8000,0.0467,1.3905,0.0123,-0.8106,-0.6111,3
475,15.8333,0.0495,1.4129,0.0209,-0.8215,-0.7097,4
476,15.8667,0.0646,1.5673,0.0194,-0.8982,-1.0525,3
477,15.9000,0.0456,1.3763,0.0190,-0.8412,-0.6948,4
478,15.9333,0.0615,1.4291,0.0117,-0.8944,-0.9169,3
479,15.9667,0.0635,1.2316,0.0151,-0.6791,-0.6931,4
480,16.0000,0.0806,1.3621,0.0111,-0.6901,-1.0078,3
481,16.0333,0.0598,1.2374,0.0124,-0.7378,-0.7547,5
482,16.0667,0.0790,1.2781,0.0093,-0.5177,-0.9595,3
483,16.1000,0.0608,1.1407,0.0026,-0.4543,-0.8784,3
484,16.1333,0.0670,1.2588,0.0012,-0.3689,-1.0638,7
485,16.1667,0.0746,1.1664,0.0008,-0.3660,-0.8737,4
486,16.2000,0.0776,1.1653,0.0004,-0.2655,-0.9498,4
487,16.2333,0.0807,1.1178,0.0004,-0.3614,-0.8198,6
488,16.2667,0.0756,1.2483,0.0003,-0.2436,-0.9130,4
489,16.3000,0.0822,1.1711,0.0000,-0.3573,-0.8457,4
490,16.3333,0.0684,1.2386,0.0000,-0.1173,-0.8379,2
491,16.3667,0.0767,1.2579,0.0001,-0.2523,-0.9095,2
492,16.4000,0.0748,1.3508,0.0001,-0.1740,-0.9833,1
493,16.4333,0.0714,1.4309,0.0000,-0.1045,-1.1967,6
494,16.4667,0.0724,1.4470,0.0000,-0.1243,-1.1079,2
495,16.5000,0.0687,1.6109,0.0001,-0.1163,-1.3737,4
496,16.5333,0.0696,1.5056,0.0001,-0.1125,-1.2571,3
497,16.5667,0.0668,1.4878,0.0000,-0.0759,-1.3587,2
498,16.6000,0.0682,1.5825,0.0000,-0.0805,-1.3692,3
499,16.6333,0.0611,1.6494,0.0414,-0.0759,-1.2237,4
500,16.6667,0.0679,1.5329,0.0671,0.0474,-1.3915,4
501,16.7000,0.0660,1.5467,0.0000,-0.0422,-1.4237,2
502,16.7333,0.0746,1.4814,0.0000,0.0630,-1.3568,3
503,16.7667,0.0828,1.4621,0.0014,0.1071,-1.3475,2
504,16.8000,0.0806,1.3965,0.0014,0.1125,-1.2599,2
505,16.8333,0.0830,1.3115,0.0003,0.1045,-1.1873,4
506,16.8667,0.0772,1.3427,0.0003,0.1708,-1.2177,1
507,16.9000,0.0782,1.3249,0.0008,0.1856,-1.1954,3
508,16.9333,0.0656,1.3118,0.0006,0.1592,-1.1959,2
509,16.9667,0.0579,1.3570,0.0002,0.1410,-1.2414,4
510,17.0000,0.0551,1.4410,0.0002,0.0344,-1.3581,2
511,17.0333,0.0590,1.3791,0.0001,0.0729,-1.2418,5
512,17.0667,0.0577,1.3329,0.0001,0.0791,-1.1872,4
513,17.1000,0.0479,1.3216,0.0001,0.0580,-1.1643,4
514,17.1333,0.0520,1.1851,0.0001,0.0762,-1.0488,3
515,17.1667,0.0327,1.1718,0.0000,0.0609,-0.9481,6
516,17.2000,0.0374,1.1912,0.0000,0.1032,-1.0015,4
517,17.2333,0.0320,1.1129,0.0002,0.1318,-0.8769,5
518,17.2667,0.0352,1.1024,0.0001,0.0720,-0.9622,4
519,17.3000,0.0215,1.1764,0.0001,-0.0584,-1.0626,6
520,17.3333,0.0217,1.1603,0.0001,-0.0933,-1.0494,5
521,17.3667,0.0242,1.1952,0.0001,-0.2094,-1.0616,5
522,17.4000,0.0243,1.1776,0.0001,-0.0701,-1.0562,4
523,17.4333,0.0268,1.1734,0.0002,-0.2388,-0.9701,5
524,17.4667,0.0289,1.1229,0.0001,-0.0754,-0.8409,6
525,17.5000,0.0296,1.0954,0.0001,0.1269,-0.6543,5
526,17.5333,0.0287,1.0814,0.0001,0.1730,-0.5924,5
527,17.5667,0.0321,1.0761,0.0000,-0.0702,-0.6067,6
528,17.6000,0.0241,0.9714,0.0000,-0.2771,-0.4651,6
529,17.6333,0.0249,0.9895,0.0015,-0.5534,-0.4925,4
530,17.6667,0.0243,1.0735,0.0577,-0.7380,-0.3817,5
531,17.7000,0.0205,1.1252,0.0000,-0.7655,-0.3514,5
532,17.7333,0.0267,1.1764,0.0022,-0.8323,-0.4160,6
533,17.7667,0.0246,1.1367,0.0014,-0.8105,-0.3947,4
534,17.8000,0.0252,1.1469,0.0000,-0.7118,-0.6044,5
535,17.8333,0.0235,1.1482,0.0000,-0.5883,-0.5995,6
536,17.8667,0.0307,1.1614,0.0000,-0.5013,-0.6728,9
537,17.9000,0.0249,1.1694,0.0000,-0.4078,-0.6075,7
538,17.9333,0.0269,1.2729,0.0000,-0.4021,-0.8205,8
539,17.9667,0.0223,1.3253,0.0000,-0.3359,-0.8075,7
540,18.0000,0.0216,1.2460,0.0000,-0.5067,-0.7868,6
541,18.0333,0.0202,1.2996,0.0000,-0.4708,-0.7094,7
542,18.0667,0.0292,1.1323,0.0000,-0.4468,-0.5648,6
543,18.1000,0.0249,1.0615,0.0000,-0.5251,-0.4867,8
544,18.1333,0.0313,1.0386,0.0000,-0.5342,-0.4162,7
545,18.1667,0.0347,1.0692,0.0000,-0.5628,-0.2647,5
546,18.2000,0.0351,1.1457,0.0000,-0.6328,-0.2944,3
547,18.2333,0.0426,1.1411,0.0000,-0.5824,-0.1708,4
548,18.2667,0.0464,1.2483,0.0001,-0.8009,-0.2363,4
549,18.3000,0.0536,1.3159,0.0000,-0.8166,-0.0484,2
550,18.3333,0.0524,1.3767,0.0001,-0.8523,-0.0352,2
551,18.3667,0.0515,1.6035,0.0001,-1.0627,-0.0138,2
552,18.4000,0.0523,1.6126,0.0001,-1.0327,-0.0685,3
553,18.4333,0.0564,1.9142,0.0001,-1.2492,-0.0081,2
554,18.4667,0.0560,1.9625,0.0001,-1.3115,-0.0712,2
555,18.5000,0.0552,2.1471,0.0001,-1.5045,-0.1319,1
556,18.5333,0.0565,2.0937,0.0068,-1.4374,-0.2450,2
557,18.5667,0.0505,2.3612,0.0051,-1.7688,-0.3581,1
558,18.6000,0.0498,2.3229,0.0009,-1.6974,-0.4955,2
559,18.6333,0.0479,2.2939,0.0390,-1.7128,-0.3450,2
560,18.6667,0.0425,2.4914,0.0028,-1.9939,-0.5848,3
561,18.7000,0.0420,2.4574,0.0014,-1.9131,-0.6222,1
562,18.7333,0.0418,2.4101,0.0008,-1.9228,-0.4670,1
563,18.7667,0.0406,2.4637,0.0015,-2.0116,-0.5289,1
564,18.8000,0.0395,2.4913,0.0002,-2.0160,-0.4257,1
565,18.8333,0.0359,2.2605,0.0000,-1.8988,-0.2157,1
566,18.8667,0.0361,2.1151,0.0000,-1.6663,-0.2563,2
567,18.9000,0.0376,1.7811,0.0001,-1.2873,-0.0912,2
568,18.9333,0.0374,1.7450,0.0007,-1.2253,-0.0766,2
569,18.9667,0.0403,1.6612,0.0006,-1.0185,-0.0393,1
570,19.0000,0.0336,1.5773,0.0337,-1.0766,-0.1064,3
571,19.0333,0.0365,1.5307,0.0550,-0.7932,-0.3894,3
572,19.0667,0.0342,1.3743,0.0373,-0.8363,-0.3207,3
573,19.1000,0.0351,1.5289,0.0345,-0.8113,-0.5520,4
574,19.1333,0.0333,1.3205,0.0398,-0.6074,-0.2716,2
575,19.1667,0.0312,1.3170,0.0455,-0.6790,-0.2984,2
576,19.2000,0.0338,1.2850,0.0359,-0.4932,-0.2215,2
577,19.2333,0.0277,1.1689,0.0341,-0.5055,-0.0637,2
578,19.2667,0.0288,1.2102,0.0259,-0.3804,-0.2320,2
579,19.3000,0.0258,1.1335,0.0133,-0.3828,-0.0035,3
580,19.3333,0.0264,1.3607,0.0087,-0.5344,-0.2407,5
581,19.3667,0.0226,1.4464,0.0093,-0.8971,-0.2030,6
582,19.4000,0.0251,1.5077,0.0018,-0.8414,-0.4346,3
583,19.4333,0.0216,1.4951,0.0017,-1.0367,-0.2785,4
584,19.4667,0.0241,1.3433,0.0001,-0.6251,-0.3717,3
585,19.5000,0.0199,1.1923,0.0001,-0.5989,-0.1684,3
586,19.5333,0.0163,1.0228,0.0004,-0.4889,-0.1671,3
587,19.5667,0.0134,0.9825,0.0003,-0.5394,0.1659,5
588,19.6000,0.0085,1.0392,0.0150,-0.2033,0.0796,4
589,19.6333,0.0109,1.1300,0.0300,-0.4133,0.2199,5
590,19.6667,0.0174,1.0993,0.0018,-0.4208,-0.2003,3
591,19.7000,0.0148,1.0783,0.0008,-0.4094,-0.2358,6
592,19.7333,0.0227,1.0984,0.0005,-0.4853,-0.5496,3
593,19.7667,0.0179,1.0480,0.0012,-0.4786,-0.5407,3
594,19.8000,0.0251,1.1596,0.0002,-0.6040,-0.7457,2
595,19.8333,0.0221,1.2328,0.0001,-0.6357,-0.1628,3
596,19.8667,0.0230,1.3853,0.0000,-0.8229,-0.4785,1
597,19.9000,0.0193,1.4499,0.0003,-0.7855,-0.0872,3
598,19.9333,0.0179,1.6972,0.0002,-1.1059,-0.2200,2
599,19.9667,0.0284,1.3967,0.0000,-0.4681,-0.1477,5
600,20.0000,0.0159,1.7744,0.0000,-1.3046,-0.5761,1
601,20.0333,0.0182,1.6346,0.0001,-0.8523,-0.4617,3
602,20.0667,0.0149,2.0910,0.0000,-0.9185,-0.6154,1
603,20.1000,0.0188,1.7577,0.0000,-0.7653,-0.9036,3
604,20.1333,0.0162,2.0100,0.0000,-1.0845,-0.9901,1
605,20.1667,0.0172,1.7293,0.0000,-0.9813,-0.6014,3
606,20.2000,0.0167,1.8391,0.0000,-1.0353,-0.7840,2
607,20.2333,0.0210,1.3685,0.0000,-0.6681,-0.1368,4
608,20.2667,0.0252,1.3009,0.0000,-0.6666,0.1267,3
609,20.3000,0.0255,1.1997,0.0000,-0.4058,0.2604,4
610,20.3333,0.0239,1.2287,0.0000,-0.4555,0.0900,4
611,20.3667,0.0347,1.1584,0.0000,-0.6816,0.3589,3
612,20.4000,0.0242,1.2225,0.0000,-0.5493,0.2300,4
613,20.4333,0.0345,1.1971,0.0000,-0.6858,0.4205,5
614,20.4667,0.0291,1.2635,0.0000,-0.6690,0.5204,4
615,20.5000,0.0365,1.2408,0.0000,-0.5725,0.5396,5
616,20.5333,0.0342,1.3210,0.0000,-0.6849,0.5989,4
617,20.5667,0.0348,1.2461,0.0075,-0.7390,0.5531,3
618,20.6000,0.0461,1.3342,0.0283,-0.7640,0.5601,4
619,20.6333,0.0480,1.2633,0.0000,-0.8074,0.5342,4
620,20.6667,0.0602,1.2854,0.0000,-0.8949,0.4473,2
621,20.7000,0.0565,1.2663,0.0023,-0.7921,0.4658,1
622,20.7333,0.0624,1.3442,0.0019,-0.9058,0.4665,1
623,20.7667,0.0672,1.3632,0.0005,-0.8522,0.3780,2
624,20.8000,0.0718,1.5182,0.0007,-0.7721,0.3715,4
625,20.8333,0.0694,1.6271,0.0002,-0.6969,0.2306,3
626,20.8667,0.0779,1.7476,0.0001,-0.6208,0.2671,3
627,20.9000,0.0749,1.8612,0.0002,-0.5229,0.0126,4
628,20.9333,0.0772,1.8830,0.0002,-0.4037,0.0645,4
629,20.9667,0.0650,2.1590,0.0001,-0.3448,-0.4953,3
630,21.0000,0.0779,1.9990,0.0001,-0.3838,-0.3221,3
631,21.0333,0.0644,2.4536,0.0000,-0.2195,-0.9394,2
632,21.0667,0.0792,2.1857,0.0000,-0.2135,-0.6275,2
633,21.1000,0.0710,2.5068,0.0000,-0.1976,-1.0309,2
634,21.1333,0.0831,2.2592,0.0000,-0.1561,-0.6728,5
635,21.1667,0.0847,2.3753,0.0000,-0.0490,-0.7664,4
636,21.2000,0.0998,2.1585,0.0000,0.0454,-0.5100,5
637,21.2333,0.0971,2.1485,0.0000,0.0515,-0.5515,5
638,21.2667,0.1081,1.9731,0.0000,0.1065,-0.4996,4
639,21.3000,0.1105,1.9803,0.0001,0.1060,-0.5111,3
640,21.3333,0.1111,1.8369,0.0001,0.2231,-0.3944,4
641,21.3667,0.1083,1.8849,0.0003,0.1655,-0.4683,2
642,21.4000,0.1116,1.7162,0.0002,0.2927,-0.2226,4
643,21.4333,0.1113,1.7764,0.0001,0.2941,-0.3874,5
644,21.4667,0.1077,1.6456,0.0001,0.4263,-0.1128,6
645,21.5000,0.1008,1.6859,0.0001,0.4214,-0.2310,5
646,21.5333,0.0990,1.6134,0.0001,0.5795,-0.1307,6
647,21.5667,0.0936,1.6659,0.0091,0.6152,-0.1445,5
648,21.6000,0.0970,1.7187,0.0459,0.4648,-0.1771,6
649,21.6333,0.0930,1.6306,0.0000,0.6653,-0.1748,5
650,21.6667,0.0933,1.5978,0.0000,0.5277,-0.1341,7
651,21.7000,0.0970,1.6181,0.0020,0.5617,-0.2274,3
652,21.7333,0.0942,1.5306,0.0010,0.4577,-0.2221,6
653,21.7667,0.0928,1.7660,0.0009,0.4472,-0.5605,5
654,21.8000,0.0788,1.5639,0.0024,0.6252,-0.5198,9
655,21.8333,0.0928,1.7681,0.0011,0.5238,-0.6525,5
656,21.8667,0.0767,1.7940,0.0067,0.4722,-0.9228,6
657,21.9000,0.0859,1.8419,0.0012,0.5859,-0.8802,5
658,21.9333,0.0715,1.8357,0.0068,0.7527,-0.9744,4
659,21.9667,0.0704,2.3897,0.0001,0.7421,-1.7612,5
660,22.0000,0.0780,1.8779,0.0003,0.5625,-1.1726,5
661,22.0333,0.0665,2.3388,0.0002,0.7546,-1.8471,4
662,22.0667,0.0796,1.9205,0.0046,0.4880,-1.2885,7
663,22.1000,0.0711,2.1021,0.0067,0.6620,-1.6460,5
664,22.1333,0.0762,1.9920,0.0060,0.6680,-1.6126,8
665,22.1667,0.0713,1.9389,0.0100,0.6704,-1.4899,6
666,22.2000,0.0709,1.9477,0.0020,0.7983,-1.5638,6
667,22.2333,0.0680,1.8176,0.0058,0.8116,-1.5113,4
668,22.2667,0.0660,1.9503,0.0090,0.8417,-1.6610,4
669,22.3000,0.0672,1.9876,0.0034,0.8934,-1.6549,5
670,22.3333,0.0678,1.9891,0.0101,0.7818,-1.7070,4
671,22.3667,0.0647,1.9206,0.0085,0.8684,-1.5846,3
672,22.4000,0.0701,1.9108,0.0108,0.9123,-1.5172,3
673,22.4333,0.0667,1.9620,0.0036,1.0127,-1.5257,4
674,22.4667,0.0656,1.9347,0.0079,1.0186,-1.4713,4
675,22.5000,0.0853,1.7896,0.0057,0.9096,-1.3752,4
676,22.5333,0.0930,1.6339,0.0054,0.8657,-1.2022,4
677,22.5667,0.1059,1.8160,0.0467,0.9445,-1.3212,4
678,22.6000,0.1062,1.9704,0.0033,1.0077,-1.4861,3
679,22.6333,0.1105,2.0622,0.0067,1.0772,-1.4553,3
680,22.6667,0.1131,2.3670,0.0000,1.2258,-1.7115,3
681,22.7000,0.1183,2.4449,0.0000,1.1710,-1.7830,3
682,22.7333,0.1234,2.8082,0.0021,1.3824,-2.0499,3
683,22.7667,0.1236,2.7520,0.0019,1.3198,-1.9995,3
684,22.8000,0.1308,2.9354,0.0011,1.3910,-2.0926,3
685,22.8333,0.1408,2.8742,0.0025,1.2074,-2.1194,3
686,22.8667,0.1478,3.1162,0.0009,1.3298,-2.2616,3
687,22.9000,0.1535,3.0223,0.0008,1.2098,-2.3317,3
688,22.9333,0.1615,3.1228,0.0005,1.2469,-2.3807,3
689,22.9667,0.1694,2.8957,0.0012,1.0372,-2.2856,2
690,23.0000,0.1680,3.0758,0.0013,1.1722,-2.2551,2
691,23.0333,0.1698,2.8519,0.0010,0.9953,-2.2501,2
692,23.0667,0.1701,2.9065,0.0006,1.1055,-2.1199,2
693,23.1000,0.1787,2.5693,0.0012,0.9671,-1.9553,2
694,23.1333,0.1758,2.4800,0.0033,1.0817,-1.7345,2
695,23.1667,0.1709,2.1524,0.0070,0.9187,-1.5222,2
696,23.2000,0.1683,2.1070,0.0026,0.8795,-1.4025,4
697,23.2333,0.1495,2.0105,0.0082,0.8782,-1.3576,6
698,23.2667,0.1468,1.8902,0.0060,0.9291,-1.1461,6
699,23.3000,0.1275,1.9393,0.0095,0.9399,-1.0779,9
700,23.3333,0.1286,1.9333,0.0066,0.9231,-1.0247,7
701,23.3667,0.1137,2.0765,0.0144,0.9011,-1.3131,10
702,23.4000,0.1308,1.7792,0.0231,0.7703,-0.8263,6
703,23.4333,0.1005,2.1968,0.0072,0.9611,-0.9771,11
704,23.4667,0.1022,1.9631,0.0114,0.9156,-0.8904,10
705,23.5000,0.0854,2.0677,0.0088,0.9150,-1.2046,8
706,23.5333,0.0873,2.0183,0.0002,0.9533,-1.1389,7
707,23.5667,0.0919,1.9677,0.0517,0.9046,-1.0667,9
708,23.6000,0.0813,2.3626,0.0025,0.8066,-1.7581,5
709,23.6333,0.1088,1.8587,0.0011,0.7300,-1.1601,7
710,23.6667,0.0802,2.4535,0.0012,0.6363,-2.1276,8
711,23.7000,0.0989,2.0802,0.0021,0.4952,-1.6436,9
712,23.7333,0.0887,2.3239,0.0054,0.4915,-1.8762,6
713,23.7667,0.1074,2.0903,0.0047,0.3536,-1.7097,8
714,23.8000,0.0975,2.2811,0.0030,0.2857,-1.9551,5
715,23.8333,0.1094,1.9335,0.0057,0.2777,-1.5613,9
716,23.8667,0.1052,2.0733,0.0070,0.2191,-1.7284,7
717,23.9000,0.1165,1.8603,0.0096,0.2271,-1.4915,10
718,23.9333,0.1072,1.8880,0.0041,0.2115,-1.5563,5
719,23.9667,0.1307,1.7134,0.0204,0.1648,-1.4203,6
720,24.0000,0.1145,1.6015,0.0043,0.2445,-1.1611,6
721,24.0333,0.1239,1.6294,0.0217,0.1358,-1.2989,4
722,24.0667,0.1101,1.5982,0.0052,0.2054,-1.1769,5
723,24.1000,0.1224,1.4397,0.0202,0.0051,-1.1067,5
724,24.1333,0.1139,1.4867,0.0049,0.0247,-1.1714,5
725,24.1667,0.1326,1.4657,0.0062,-0.0346,-1.2142,6
726,24.2000,0.1153,1.3636,0.0032,-0.0368,-0.9869,4
727,24.2333,0.1330,1.4684,0.0034,-0.1699,-1.2872,5
728,24.2667,0.1218,1.4195,0.0019,-0.2375,-1.1833,4
729,24.3000,0.1347,1.4132,0.0032,-0.1576,-1.2563,6
730,24.3333,0.1178,1.5432,0.0019,-0.3015,-1.4023,4
731,24.3667,0.1150,1.5317,0.0063,-0.2193,-1.3934,3
732,24.4000,0.1054,1.6033,0.0029,-0.3545,-1.4461,4
733,24.4333,0.1011,1.6086,0.0050,-0.2962,-1.4065,7
734,24.4667,0.0862,1.6296,0.0031,-0.3519,-1.3595,5
735,24.5000,0.0846,1.5317,0.0075,-0.2719,-1.1177,5
736,24.5333,0.0973,1.3833,0.0608,-0.1771,-1.0945,7
737,24.5667,0.0827,1.4020,0.0000,-0.1537,-1.1109,8
738,24.6000,0.0867,1.3908,0.0000,-0.0972,-0.8938,8
739,24.6333,0.0912,1.4488,0.0028,-0.0236,-1.0600,8
740,24.6667,0.0994,1.4822,0.0020,0.0036,-1.1382,5
741,24.7000,0.1060,1.5887,0.0010,0.0148,-1.2055,5
742,24.7333,0.1138,1.4611,0.0010,0.0529,-1.1632,7
743,24.7667,0.1049,1.5297,0.0003,0.0776,-1.2301,7
744,24.8000,0.0994,1.3787,0.0003,0.1016,-1.0545,10
745,24.8333,0.0932,1.4731,0.0003,0.2535,-1.0920,10
746,24.8667,0.0933,1.5832,0.0004,0.2646,-1.0448,8
747,24.9000,0.1138,1.5698,0.0068,0.2991,-1.0401,6
748,24.9333,0.0730,1.7608,0.0020,0.3079,-1.0526,5
749,24.9667,0.1152,1.4188,0.0437,0.2939,-0.8934,5
750,25.0000,0.0734,1.4391,0.0022,0.2876,-0.9953,5
751,25.0333,0.0213,1.2740,0.0048,-0.1317,-0.8834,6
752,25.0667,0.0941,1.3081,0.0130,0.4394,-0.8735,7
753,25.1000,0.0739,1.2002,0.0144,0.3881,-0.6434,6
754,25.1333,0.0914,1.1483,0.0003,0.5159,-0.4946,8
755,25.1667,0.0866,1.0806,0.0005,0.5251,-0.4702,8
756,25.2000,0.0836,1.0933,0.0004,0.6449,-0.3903,7
757,25.2333,0.0897,1.2060,0.0005,0.9079,-0.2539,6
758,25.2667,0.0821,1.2304,0.0019,0.9066,-0.3101,5
759,25.3000,0.0914,1.2961,0.0021,1.0281,-0.2909,3
760,25.3333,0.0893,1.4440,0.0038,1.0471,-0.3896,4
761,25.3667,0.0937,1.3768,0.0044,1.0585,-0.5199,3
762,25.4000,0.0946,1.4321,0.0107,1.1036,-0.6281,4
763,25.4333,0.0927,1.4376,0.0105,1.0736,-0.6350,4
764,25.4667,0.0936,1.4762,0.0140,1.1050,-0.5760,5
765,25.5000,0.0978,1.4187,0.0117,1.0137,-0.6818,5
766,25.5333,0.0990,1.4526,0.0564,1.0248,-0.5866,7
767,25.5667,0.0930,1.4775,0.0000,1.0306,-0.7722,4
768,25.6000,0.0949,1.4860,0.0000,0.9655,-0.7977,4
769,25.6333,0.0917,1.4974,0.0032,0.9248,-0.8428,4
770,25.6667,0.0915,1.5166,0.0034,0.9289,-0.8377,2
771,25.7000,0.0933,1.5137,0.0016,0.9004,-0.8707,6
772,25.7333,0.0912,1.4767,0.0018,0.9226,-0.8145,3
773,25.7667,0.0936,1.4719,0.0024,0.8667,-0.7795,4
774,25.8000,0.0958,1.4822,0.0034,0.8494,-0.8346,3
775,25.8333,0.0967,1.5135,0.0170,0.8096,-0.7733,4
776,25.8667,0.1000,1.4846,0.0188,0.7937,-0.7966,3
777,25.9000,0.0891,1.5232,0.0057,0.8084,-0.8664,4
778,25.9333,0.0908,1.5075,0.0062,0.7145,-0.9287,3
779,25.9667,0.0807,1.4740,0.0101,0.6661,-0.8495,5
780,26.0000,0.0781,1.3781,0.0124,0.5925,-0.7443,3
781,26.0333,0.0803,1.3947,0.0106,0.5030,-0.7645,4
782,26.0667,0.0743,1.3204,0.0129,0.4158,-0.7032,5
783,26.1000,0.0737,1.3944,0.0118,0.4038,-0.8635,7
784,26.1333,0.0652,1.4627,0.0133,0.3440,-1.0005,5
785,26.1667,0.0669,1.5501,0.0202,0.3332,-1.1531,6
786,26.2000,0.0612,1.5987,0.0194,0.4400,-1.2332,6
787,26.2333,0.0512,1.7535,0.0086,0.3818,-1.3732,11
788,26.2667,0.0634,1.6290,0.0098,0.4302,-1.3035,7
789,26.3000,0.0496,1.7007,0.0026,0.3694,-1.3549,9
790,26.3333,0.0441,1.5707,0.0027,0.4342,-1.1969,9
791,26.3667,0.0447,1.4370,0.0033,0.2219,-1.1182,7
792,26.4000,0.0455,1.4283,0.0040,0.2430,-1.1461,6
793,26.4333,0.0414,1.2590,0.0005,0.0625,-0.9127,8
794,26.4667,0.0424,1.3725,0.0006,0.0876,-1.0024,10
795,26.5000,0.0544,1.3036,0.0003,-0.1329,-0.9589,7
796,26.5333,0.0723,1.3663,0.0541,-0.0496,-1.0221,11
797,26.5667,0.0741,1.4703,0.0000,-0.2095,-1.1905,9
798,26.6000,0.0760,1.6160,0.0000,-0.2016,-1.3835,8
799,26.6333,0.0729,1.6698,0.0000,-0.0698,-1.3657,5
800,26.6667,0.0759,1.5430,0.0051,-0.0591,-1.3243,8
801,26.7000,0.0618,1.6313,0.0019,0.0037,-1.3829,6
802,26.7333,0.0724,1.4842,0.0012,0.0288,-1.2660,10
803,26.7667,0.0558,1.5954,0.0004,0.1331,-1.1651,6
804,26.8000,0.0577,1.7584,0.0006,0.0935,-1.4539,10
805,26.8333,0.0448,1.9439,0.0009,0.2412,-1.5342,8
806,26.8667,0.0680,1.6235,0.0018,0.0088,-1.3473,8
807,26.9000,0.0467,1.8701,0.0009,0.2143,-1.4828,6
808,26.9333,0.0695,1.4856,0.0013,-0.0005,-1.2621,8
809,26.9667,0.0661,1.4724,0.0006,-0.0711,-1.2618,7
810,27.0000,0.0483,1.4392,0.0011,-0.0711,-1.2355,10
811,27.0333,0.0400,1.3039,0.0009,-0.2007,-1.0105,8
812,27.0667,0.0481,1.3526,0.0020,-0.2297,-1.0865,12
813,27.1000,0.0370,1.5802,0.0009,-0.5502,-1.1838,11
814,27.1333,0.0461,1.4623,0.0012,-0.4612,-0.9255,9
815,27.1667,0.0318,1.8119,0.0010,-0.7033,-1.1080,12
816,27.2000,0.0489,1.5172,0.0012,-0.6803,-1.0327,10
817,27.2333,0.0312,1.3788,0.0007,-0.5984,-0.7417,9
818,27.2667,0.0431,1.2930,0.0005,-0.5222,-0.8382,7
819,27.3000,0.0344,1.2423,0.0002,-0.6410,-0.7059,8
820,27.3333,0.0410,1.2238,0.0009,-0.4994,-0.6425,6
821,27.3667,0.0322,1.2149,0.0005,-0.4868,-0.4202,8
822,27.4000,0.0339,1.1943,0.0011,-0.4233,-0.5206,10
823,27.4333,0.0394,1.2557,0.0011,-0.4028,-0.4284,7
824,27.4667,0.0373,1.1841,0.0016,-0.3561,-0.6071,9
825,27.5000,0.0520,1.3175,0.0522,-0.2447,-0.6008,7
826,27.5333,0.0594,1.4878,0.0000,-0.4606,-0.9604,6
827,27.5667,0.0552,1.5287,0.0000,-0.4467,-1.0090,7
828,27.6000,0.0596,1.6428,0.0033,-0.4476,-1.0992,6
829,27.6333,0.0559,1.7010,0.0022,-0.3883,-1.1368,5
830,27.6667,0.0485,1.9447,0.0004,-0.2617,-1.3469,6
831,27.7000,0.0479,1.8716,0.0005,-0.1734,-1.3304,6
832,27.7333,0.0498,1.7584,0.0005,-0.1218,-1.1904,6
833,27.7667,0.0466,1.8177,0.0005,-0.2183,-1.2326,6
834,27.8000,0.0475,1.7794,0.0005,-0.2057,-1.2676,3
835,27.8333,0.0446,1.6587,0.0006,-0.1809,-1.0831,6
836,27.8667,0.0451,1.6286,0.0150,-0.1744,-0.9994,5
837,27.9000,0.0449,1.6221,0.0179,-0.1801,-0.8152,4
838,27.9333,0.0409,1.5289,0.0047,-0.0542,-0.7409,7
839,27.9667,0.0435,1.4244,0.0063,0.0681,-0.8577,5
840,28.0000,0.0511,1.4165,0.0234,0.2704,-0.8542,4
841,28.0333,0.0473,1.3739,0.0106,0.3257,-0.7973,5
842,28.0667,0.0549,1.3944,0.0016,0.3031,-0.8217,3
843,28.1000,0.0530,1.3865,0.0019,0.4759,-0.7215,5
844,28.1333,0.0584,1.4236,0.0006,0.4894,-0.6703,3
845,28.1667,0.0638,1.4349,0.0011,0.4838,-0.6566,4
846,28.2000,0.0620,1.5287,0.0172,0.6750,-0.5601,6
847,28.2333,0.0637,1.5390,0.0160,0.7061,-0.5415,5
848,28.2667,0.0632,1.6583,0.0106,0.7783,-0.5680,5
849,28.3000,0.0658,1.6352,0.0132,0.7221,-0.6380,6
850,28.3333,0.0741,1.6257,0.0015,0.5717,-0.7563,3
851,28.3667,0.0776,1.5890,0.0017,0.5384,-0.7365,3
852,28.4000,0.0765,1.6585,0.0022,0.6034,-0.8004,2
853,28.4333,0.0745,1.6066,0.0028,0.6083,-0.7188,3
854,28.4667,0.0771,1.6042,0.0068,0.6397,-0.6818,3
855,28.5000,0.0797,1.5786,0.0443,0.5900,-0.6817,4
856,28.5333,0.0783,1.5424,0.0030,0.4805,-0.6223,2
857,28.5667,0.0788,1.4940,0.0028,0.5168,-0.6772,2
858,28.6000,0.0638,1.4576,0.0064,0.6613,-0.5332,3
859,28.6333,0.0690,1.4353,0.0001,0.4901,-0.5158,3
860,28.6667,0.0700,1.3618,0.0001,0.3887,-0.4826,4
861,28.7000,0.0641,1.3345,0.0001,0.4042,-0.6033,4
862,28.7333,0.0538,1.3257,0.0001,0.4922,-0.5831,5
863,28.7667,0.0483,1.3252,0.0000,0.5518,-0.4596,8
864,28.8000,0.0434,1.3133,0.0001,0.4914,-0.5483,6
865,28.8333,0.0409,1.3234,0.0000,0.5447,-0.2905,7
866,28.8667,0.0352,1.3742,0.0001,0.6462,-0.4455,3
867,28.9000,0.0360,1.3840,0.0002,0.7019,-0.3333,4
868,28.9333,0.0348,1.3815,0.0002,0.6700,-0.4075,3
869,28.9667,0.0346,1.3882,0.0000,0.6437,-0.4039,3
870,29.0000,0.0349,1.3177,0.0001,0.5688,-0.4515,3
871,29.0333,0.0358,1.3114,0.0002,0.4084,-0.4217,4
872,29.0667,0.0301,1.2520,0.0003,0.2470,-0.4166,4
873,29.1000,0.0267,1.2719,0.0001,0.0725,-0.3494,4
874,29.1333,0.0151,1.7407,0.0001,-0.5611,-0.6072,6
875,29.1667,0.0147,1.4733,0.0001,-0.5922,-0.5936,4
876,29.2000,0.0092,1.3127,0.0001,-0.6174,-0.5555,2
877,29.2333,0.0073,1.3111,0.0027,-0.5294,-0.5515,3
878,29.2667,0.0062,1.0328,0.0037,-0.5014,-0.0215,3
879,29.3000,0.0039,0.9972,0.0006,-0.4643,0.0431,3
880,29.3333,0.0035,0.9904,0.0008,-0.3147,0.3122,4
881,29.3667,0.0053,1.0008,0.0003,-0.2973,-0.2365,4
882,29.4000,0.0053,1.0153,0.0004,-0.5296,-0.2838,4
883,29.4333,0.0058,1.1033,0.0000,-0.6693,-0.0999,2
884,29.4667,0.0151,1.2241,0.0276,-0.5922,-0.4415,6
885,29.5000,0.0095,1.1842,0.0000,-0.5532,-0.4940,3
886,29.5333,0.0099,1.2659,0.0000,-0.4922,-0.1778,3
887,29.5667,0.0180,1.1083,0.0003,-0.5693,-0.0218,5
888,29.6000,0.0152,1.2046,0.0002,-0.5811,-0.0975,4
889,29.6333,0.0205,1.1786,0.0000,-0.4990,-0.1693,5
890,29.6667,0.0246,1.1572,0.0000,-0.4526,0.0659,5
891,29.7000,0.0224,1.1988,0.0000,-0.4716,0.2306,4
892,29.7333,0.0195,1.3237,0.0000,-0.3274,0.2664,3
893,29.7667,0.0171,1.5121,0.0000,-0.2364,0.2313,3
894,29.8000,0.0149,1.4379,0.0000,-0.2528,0.3170,3
895,29.8333,0.0164,1.5525,0.0000,-0.2413,-0.1146,2
896,29.8667,0.0120,1.4325,0.0000,-0.3479,-0.3719,3
897,29.9000,0.0137,1.3419,0.0000,-0.1828,-0.2431,2
898,29.9333,0.0117,1.4654,0.0000,-0.3452,-0.0110,2
