frame,t,camera_speed,camera_dx,camera_dy,camera_inliers,residual_background,moving_fraction,moving_mean_speed,mean_u,mean_v,moving_blobs
0,0.0000,0.1811,0.0017,0.1809,1.0000,0.0518,0.0000,2.1502,2.1497,-0.0459,0
1,0.0333,0.1954,-0.0085,0.1938,1.0000,0.0621,0.0000,1.6336,-1.6336,0.0116,0
2,0.0667,0.2407,0.0030,0.2406,1.0000,0.0648,0.0000,1.7673,1.7669,0.0389,0
3,0.1000,0.2464,-0.0126,0.2459,1.0000,0.0542,0.0000,1.6447,0.8949,0.0404,0
4,0.1333,0.2178,-0.0466,0.2064,1.0000,0.0717,0.0000,0.0000,0.0000,0.0000,0
5,0.1667,0.1967,-0.0482,0.1856,1.0000,0.0737,0.0000,0.0000,0.0000,0.0000,0
6,0.2000,0.2671,-0.0226,0.2657,1.0000,0.0542,0.0000,0.0000,0.0000,0.0000,0
7,0.2333,0.2776,-0.0149,0.2769,1.0000,0.0408,0.0000,0.0000,0.0000,0.0000,0
8,0.2667,0.2483,-0.0318,0.2464,1.0000,0.0614,0.0000,1.6681,0.3750,-0.1358,0
9,0.3000,0.2692,-0.0308,0.2664,1.0000,0.0671,0.0001,1.8585,-1.8504,0.1724,0
10,0.3333,0.2734,-0.0751,0.2449,1.0000,0.0733,0.0000,1.7833,-0.4483,0.0094,0
11,0.3667,0.2772,-0.0569,0.2682,1.0000,0.0693,0.0000,1.5943,-1.5943,-0.0049,0
12,0.4000,0.2247,-0.0560,0.2174,1.0000,0.0737,0.0000,0.0000,0.0000,0.0000,0
13,0.4333,0.2703,-0.1013,0.2511,1.0000,0.0784,0.0000,1.6513,-1.6408,0.1855,0
14,0.4667,0.2597,-0.0898,0.2375,1.0000,0.0713,0.0000,1.5772,-1.5748,0.0886,0
15,0.5000,0.2672,-0.0644,0.2535,1.0000,0.0544,0.0002,2.0794,-0.3002,2.0575,0
16,0.5333,0.2703,-0.0635,0.2634,1.0000,0.0870,0.0000,1.8123,1.8075,-0.0698,0
17,0.5667,0.2561,-0.1093,0.2298,1.0000,0.0963,0.0000,0.0000,0.0000,0.0000,0
18,0.6000,0.2404,-0.0982,0.2159,1.0000,0.0831,0.0000,0.0000,0.0000,0.0000,0
19,0.6333,0.2284,-0.0555,0.2200,1.0000,0.0740,0.0000,0.0000,0.0000,0.0000,0
20,0.6667,0.2451,-0.0985,0.2253,1.0000,0.0886,0.0000,1.8111,1.8087,-0.0939,0
21,0.7000,0.2467,-0.1102,0.2204,1.0000,0.0925,0.0000,0.0000,0.0000,0.0000,0
22,0.7333,0.3199,-0.1890,0.2593,1.0000,0.1022,0.0000,1.5644,1.5628,-0.0688,0
23,0.7667,0.2763,-0.0510,0.2725,1.0000,0.0703,0.0000,0.0000,0.0000,0.0000,0
24,0.8000,0.2646,-0.0837,0.2567,1.0000,0.0882,0.0000,0.0000,0.0000,0.0000,0
25,0.8333,0.2202,-0.1136,0.1824,1.0000,0.1003,0.0000,0.0000,0.0000,0.0000,0
26,0.8667,0.2582,-0.0898,0.2385,1.0000,0.0850,0.0000,1.6013,1.6001,-0.0637,0
27,0.9000,0.2540,-0.0623,0.2475,1.0000,0.0781,0.0003,1.7236,1.7093,-0.2208,0
28,0.9333,0.2598,-0.0871,0.2434,1.0000,0.0870,0.0000,1.5811,1.5783,-0.0927,0
29,0.9667,0.2488,-0.1316,0.2240,1.0000,0.1112,0.0008,1.5355,1.5281,-0.1389,0
30,1.0000,0.2823,-0.1698,0.2254,0.9800,0.0755,0.0089,1.6105,1.5924,-0.1145,1
31,1.0333,0.2700,-0.1415,0.2267,0.9817,0.0784,0.0104,1.7730,1.7660,-0.1447,1
32,1.0667,0.2462,-0.1089,0.2167,0.9817,0.1077,0.0108,2.0085,1.9994,-0.1710,1
33,1.1000,0.2864,-0.1853,0.2438,0.9800,0.1311,0.0107,1.9381,1.9311,-0.1394,1
34,1.1333,0.2685,-0.1637,0.2053,0.9800,0.1097,0.0118,2.4041,2.2920,0.0038,1
35,1.1667,0.2325,-0.1105,0.2025,0.9800,0.1035,0.0114,2.5762,2.5719,-0.0981,1
36,1.2000,0.2699,-0.1420,0.2281,0.9800,0.0982,0.0116,2.7185,2.7141,-0.0418,1
37,1.2333,0.2349,-0.1563,0.1794,0.9767,0.1049,0.0123,2.9643,2.9569,-0.1433,1
38,1.2667,0.2749,-0.1805,0.2042,0.9717,0.0916,0.0130,3.1594,3.1528,-0.1326,1
39,1.3000,0.2426,-0.1711,0.1744,0.9733,0.0891,0.0134,3.3514,3.3457,-0.1314,1
40,1.3333,0.2500,-0.1248,0.2099,0.9733,0.0930,0.0145,3.5725,3.5651,-0.1567,1
41,1.3667,0.2550,-0.1713,0.1796,0.9733,0.0882,0.0153,3.7792,3.7730,-0.1569,1
42,1.4000,0.2437,-0.1508,0.1883,0.9733,0.0793,0.0162,4.0131,4.0040,-0.1603,1
43,1.4333,0.2254,-0.1415,0.1778,0.9700,0.0744,0.0170,4.2426,4.2373,-0.1305,1
44,1.4667,0.2205,-0.1459,0.1666,0.9650,0.0924,0.0174,4.4167,4.4097,-0.1222,1
45,1.5000,0.2767,-0.1861,0.2046,0.9683,0.0864,0.0183,4.6040,4.5654,-0.1240,1
46,1.5333,0.2196,-0.1526,0.1567,0.9700,0.0839,0.0192,4.8013,4.7945,-0.1463,1
47,1.5667,0.1899,-0.1221,0.1434,0.9667,0.0840,0.0205,5.0059,4.9987,-0.1426,1
48,1.6000,0.1838,-0.1195,0.1296,0.9700,0.1045,0.0217,5.1237,5.1073,-0.1413,1
49,1.6333,0.2553,-0.1682,0.1917,0.9650,0.0859,0.0228,5.5130,5.4853,-0.1369,1
50,1.6667,0.2251,-0.1732,0.1431,0.9650,0.0955,0.0252,5.6862,5.6509,-0.0302,2
51,1.7000,0.1490,-0.1135,0.0889,0.9617,0.0959,0.0257,5.7906,5.7401,0.0611,1
52,1.7333,0.1507,-0.1304,0.0692,0.9567,0.1012,0.0272,6.0544,6.0203,-0.0186,1
53,1.7667,0.2164,-0.1727,0.1270,0.9600,0.0699,0.0285,6.3070,6.2658,-0.0995,1
54,1.8000,0.2257,-0.1824,0.1354,0.9550,0.0690,0.0300,6.4427,6.3773,-0.1950,1
55,1.8333,0.2060,-0.1608,0.1386,0.9583,0.1097,0.0311,6.6842,6.6166,-0.2162,1
56,1.8667,0.2009,-0.1964,0.0431,0.9600,0.0845,0.0319,6.8352,6.7614,-0.1518,1
57,1.9000,0.1030,-0.0961,0.0367,0.9550,0.0820,0.0346,7.0735,7.0142,-0.1789,1
58,1.9333,0.1923,-0.1603,0.0949,0.9533,0.0861,0.0364,7.4146,7.3546,-0.2218,1
59,1.9667,0.2306,-0.1938,0.0999,0.9483,0.0820,0.0381,7.5792,7.5100,-0.2775,1
60,2.0000,0.2423,-0.2125,0.1104,0.9500,0.0969,0.0408,7.8011,7.7171,-0.1812,1
61,2.0333,0.1152,-0.1104,0.0299,0.9550,0.0751,0.0408,7.8734,7.8213,-0.1996,1
62,2.0667,0.1082,-0.0712,0.0829,0.9517,0.0933,0.0434,8.1435,8.0040,-0.2812,1
63,2.1000,0.1878,-0.1735,0.0701,0.9483,0.0823,0.0435,8.3734,8.2019,-0.3264,1
64,2.1333,0.2076,-0.1744,0.0969,0.9483,0.0777,0.0449,8.5853,8.4186,-0.2532,1
65,2.1667,0.1992,-0.1817,0.0754,0.9467,0.0858,0.0459,8.7744,8.6555,-0.2461,1
66,2.2000,0.1260,-0.1216,0.0268,0.9517,0.0647,0.0456,8.8876,8.7689,-0.2530,1
67,2.2333,0.0943,-0.0846,0.0257,0.9500,0.0774,0.0472,9.0387,8.8063,-0.3496,1
68,2.2667,0.2245,-0.2136,0.0668,0.9500,0.0888,0.0476,8.9356,8.7398,-0.3147,1
69,2.3000,0.1748,-0.1643,0.0404,0.9383,0.0799,0.0485,9.0373,8.7990,-0.3339,1
70,2.3333,0.1378,-0.1290,0.0432,0.9367,0.0838,0.0519,9.1774,8.9637,-0.3092,1
71,2.3667,0.1632,-0.1525,0.0519,0.9300,0.0725,0.0547,9.1129,9.0112,-0.3546,1
72,2.4000,0.1585,-0.1512,0.0371,0.9350,0.0691,0.0567,9.2090,9.1356,-0.2607,1
73,2.4333,0.1969,-0.1933,0.0359,0.9283,0.0802,0.0574,9.2126,9.1453,-0.4010,1
74,2.4667,0.0871,-0.0842,0.0104,0.9400,0.0696,0.0594,9.3673,9.3047,-0.3333,2
75,2.5000,0.1141,-0.1107,0.0015,0.9267,0.0792,0.0623,9.3821,9.3104,-0.3237,3
76,2.5333,0.1906,-0.1863,0.0118,0.9250,0.0686,0.0668,9.6544,9.5400,-0.2493,2
77,2.5667,0.1640,-0.1623,0.0057,0.9217,0.0644,0.0698,9.7535,9.6374,-0.2824,1
78,2.6000,0.1205,-0.1189,0.0078,0.9217,0.0629,0.0734,10.0586,9.9184,-0.2971,1
79,2.6333,0.0951,-0.0898,0.0149,0.9183,0.0681,0.0764,10.2276,10.1025,-0.3623,1
80,2.6667,0.1836,-0.1802,0.0089,0.9167,0.0787,0.0806,10.4206,10.3290,-0.3646,1
81,2.7000,0.1773,-0.1705,0.0252,0.9167,0.0712,0.0833,10.8004,10.7515,-0.2727,1
82,2.7333,0.1067,-0.1042,0.0059,0.9183,0.0604,0.0850,10.7695,10.7256,-0.2514,1
83,2.7667,0.0928,-0.0884,-0.0130,0.9150,0.0725,0.0908,10.8387,10.7907,-0.1818,1
84,2.8000,0.1906,-0.1852,-0.0214,0.9033,0.0715,0.0960,11.1163,11.0509,-0.2127,1
85,2.8333,0.1901,-0.1861,-0.0200,0.9017,0.0733,0.0965,11.3335,11.2772,-0.3230,1
86,2.8667,0.1132,-0.1118,-0.0104,0.9033,0.0777,0.0988,11.4022,11.2588,-0.4984,1
87,2.9000,0.1201,-0.1154,-0.0188,0.9067,0.0714,0.1009,11.2149,11.0992,-0.3727,1
88,2.9333,0.1640,-0.1579,-0.0220,0.9117,0.0639,0.1009,11.3106,11.2264,-0.2716,1
89,2.9667,0.1766,-0.1725,-0.0197,0.8967,0.0607,0.1046,11.4847,11.4277,-0.3149,1
90,3.0000,0.1257,-0.1231,-0.0138,0.9033,0.0704,0.1013,11.2704,11.2161,-0.2463,1
91,3.0333,0.0897,-0.0883,-0.0139,0.9050,0.0732,0.1040,11.4759,11.4191,-0.2178,1
92,3.0667,0.2048,-0.1983,-0.0256,0.8983,0.0819,0.0993,11.6836,11.6042,-0.2195,1
93,3.1000,0.1633,-0.1499,-0.0297,0.9000,0.0642,0.0983,12.0791,11.9308,-0.3647,1
94,3.1333,0.1232,-0.1176,-0.0258,0.9000,0.0803,0.1010,11.8636,11.6062,-0.4112,2
95,3.1667,0.1045,-0.1008,-0.0206,0.8933,0.0693,0.1026,11.6824,11.4232,-0.2773,2
96,3.2000,0.1909,-0.1861,-0.0219,0.8833,0.0708,0.1120,11.6133,11.3076,-0.2791,2
97,3.2333,0.1400,-0.1388,-0.0053,0.8867,0.0680,0.1142,12.2210,11.9035,-0.2089,2
98,3.2667,0.1229,-0.1207,-0.0178,0.8783,0.0883,0.1142,12.3993,12.0382,-0.1100,2
99,3.3000,0.1243,-0.1225,-0.0148,0.8800,0.0786,0.1097,12.6589,12.2681,-0.2017,2
100,3.3333,0.1763,-0.1755,-0.0077,0.8733,0.0739,0.1128,12.4920,12.0442,-0.1996,2
101,3.3667,0.1785,-0.1770,-0.0198,0.8650,0.0724,0.1187,12.4988,11.9509,-0.2562,2
102,3.4000,0.1356,-0.1335,-0.0194,0.8750,0.0872,0.1239,12.8776,12.2844,-0.1274,2
103,3.4333,0.1383,-0.1332,-0.0313,0.8817,0.0989,0.1188,13.0065,12.3209,-0.2580,2
104,3.4667,0.0481,-0.0436,-0.0178,0.8750,0.0495,0.1210,13.2297,12.4500,-0.2041,2
105,3.5000,0.1857,-0.1850,-0.0147,0.8733,0.0839,0.1263,13.0872,12.2210,-0.1721,3
106,3.5333,0.1838,-0.1818,-0.0087,0.8583,0.0605,0.1306,13.2708,12.3024,-0.1897,3
107,3.5667,0.1392,-0.1383,-0.0058,0.8850,0.0770,0.1296,13.2754,12.2141,-0.2006,3
108,3.6000,0.0512,-0.0250,-0.0442,0.8733,0.0566,0.1320,13.3279,12.1221,-0.2118,3
109,3.6333,0.1430,-0.1386,-0.0403,0.8717,0.0870,0.1317,13.4658,12.2487,-0.1944,2
110,3.6667,0.0879,-0.0859,-0.0153,0.8667,0.0792,0.1324,13.5954,12.2690,-0.1367,4
111,3.7000,0.1227,-0.1211,-0.0239,0.8717,0.0654,0.1277,13.9768,12.4576,-0.1016,3
112,3.7333,0.1292,-0.1263,-0.0215,0.8700,0.0590,0.1361,13.9205,12.4823,-0.1347,2
113,3.7667,0.1600,-0.1571,-0.0215,0.8750,0.0634,0.1342,13.9029,12.4927,-0.1795,2
114,3.8000,0.0823,-0.0765,-0.0272,0.8848,0.0608,0.1298,14.1251,12.8571,-0.1504,3
115,3.8333,0.0887,-0.0839,-0.0325,0.8664,0.0632,0.1392,13.8516,12.7751,-0.1346,2
116,3.8667,0.1325,-0.1235,-0.0467,0.8898,0.0618,0.1391,14.1576,13.0411,-0.1633,2
117,3.9000,0.1378,-0.1286,-0.0463,0.8748,0.0630,0.1339,14.9531,13.9487,-0.2271,2
118,3.9333,0.0769,-0.0693,-0.0390,0.8796,0.0656,0.1324,15.0280,13.9732,-0.2077,2
119,3.9667,0.0613,-0.0570,-0.0211,0.8792,0.0545,0.1323,15.3435,14.5119,-0.2151,2
120,4.0000,0.1436,-0.1421,-0.0204,0.8906,0.0670,0.1173,15.9870,15.3428,-0.2372,2
121,4.0333,0.1817,-0.1795,-0.0287,0.8943,0.0707,0.1195,15.4537,14.7524,-0.3255,2
122,4.0667,0.0506,-0.0462,-0.0111,0.9020,0.0434,0.1142,15.5435,15.3095,-0.1880,1
123,4.1000,0.0838,-0.0727,-0.0416,0.9054,0.0558,0.1138,16.1456,16.0750,-0.1930,1
124,4.1333,0.1126,-0.0977,-0.0530,0.9126,0.0610,0.1003,16.9014,16.8367,-0.2268,1
125,4.1667,0.1126,-0.0956,-0.0589,0.9195,0.0692,0.0969,16.0369,15.8516,-0.2437,2
126,4.2000,0.0180,-0.0133,0.0009,0.9279,0.0230,0.0944,16.1192,15.9154,-0.1630,3
127,4.2333,0.1171,-0.1147,-0.0238,0.9329,0.0778,0.0917,16.6476,16.5168,-0.1287,2
128,4.2667,0.0695,-0.0679,-0.0117,0.9377,0.0572,0.0831,16.8129,16.7318,-0.0932,1
129,4.3000,0.0849,-0.0829,-0.0177,0.9346,0.0678,0.0802,16.5896,16.4755,-0.1675,2
130,4.3333,0.0733,-0.0648,-0.0296,0.9214,0.0645,0.0838,16.0922,16.0536,-0.2449,2
131,4.3667,0.0920,-0.0726,-0.0569,0.9095,0.0751,0.0814,16.1850,15.9647,-0.4052,2
132,4.4000,0.0370,-0.0287,-0.0182,0.9095,0.0405,0.0870,15.7755,14.7979,-0.3911,2
133,4.4333,0.1065,-0.1046,-0.0185,0.9060,0.0796,0.0901,15.4424,13.6833,-0.2535,2
134,4.4667,0.0651,-0.0615,-0.0213,0.9143,0.0590,0.0898,15.2340,13.2911,-0.1689,2
135,4.5000,0.1005,-0.0956,-0.0285,0.9044,0.0587,0.0962,15.3086,13.4160,-0.1680,2
136,4.5333,0.0851,-0.0782,-0.0183,0.9064,0.0624,0.0922,14.6749,12.5929,-0.2047,2
137,4.5667,0.0628,-0.0615,-0.0129,0.9125,0.0507,0.0916,13.6939,11.1733,-0.2082,2
138,4.6000,0.0554,-0.0257,-0.0474,0.9028,0.0475,0.0807,12.3455,8.5528,-0.2614,3
139,4.6333,0.0384,-0.0205,-0.0323,0.8997,0.0403,0.0779,11.8756,7.9927,-0.1863,3
140,4.6667,0.0580,-0.0316,-0.0489,0.9160,0.0538,0.0746,12.8114,8.1288,-0.3998,3
141,4.7000,0.1126,-0.1056,-0.0369,0.9126,0.0792,0.0750,12.5080,7.8736,-0.0288,3
142,4.7333,0.0638,-0.0628,-0.0105,0.9133,0.0539,0.0689,13.0848,8.4078,-0.5751,2
143,4.7667,0.0756,-0.0539,-0.0519,0.9050,0.0659,0.0692,13.3645,8.2720,-0.2227,2
144,4.8000,0.0432,-0.0229,-0.0375,0.8983,0.0482,0.0743,13.1788,8.5351,-0.7415,2
145,4.8333,0.0853,-0.0696,-0.0446,0.8900,0.0604,0.0797,13.4036,9.0971,-0.4061,2
146,4.8667,0.1292,-0.0999,-0.0659,0.8833,0.0801,0.0903,13.5678,9.7899,-0.6434,2
147,4.9000,0.0660,-0.0538,-0.0278,0.8967,0.0592,0.0959,13.2765,9.4131,-0.4333,2
148,4.9333,0.0728,-0.0575,-0.0457,0.8750,0.0685,0.0963,13.2787,9.4994,-0.4314,2
149,4.9667,0.0548,-0.0418,-0.0274,0.8867,0.0537,0.0940,13.1734,9.3704,-0.3426,3
150,5.0000,0.0932,-0.0550,-0.0742,0.8683,0.0693,0.1051,13.3044,9.6336,-0.3697,3
151,5.0333,0.1019,-0.0651,-0.0754,0.8800,0.0662,0.1080,14.2286,10.8157,-0.2323,3
152,5.0667,0.0872,-0.0473,-0.0673,0.8733,0.0617,0.1252,14.4214,11.4341,-0.2353,2
153,5.1000,0.0655,-0.0409,-0.0461,0.8750,0.0558,0.1288,14.4239,11.6384,-0.1865,2
154,5.1333,0.0715,-0.0304,-0.0613,0.8417,0.0607,0.1345,14.6752,11.7259,-0.3156,2
155,5.1667,0.0842,-0.0218,-0.0811,0.8417,0.0638,0.1364,15.0012,12.0387,-0.3893,2
156,5.2000,0.0823,-0.0277,-0.0766,0.8467,0.0582,0.1457,15.0725,12.3625,-0.4206,2
157,5.2333,0.0513,-0.0112,-0.0490,0.8483,0.0496,0.1418,14.3642,11.7061,-0.3262,2
158,5.2667,0.0574,-0.0330,-0.0422,0.8383,0.0519,0.1421,14.4975,11.8836,-0.2701,1
159,5.3000,0.0822,-0.0473,-0.0623,0.8433,0.0626,0.1399,15.1118,12.5036,-0.3433,2
160,5.3333,0.0683,-0.0267,-0.0584,0.8500,0.0603,0.1532,15.0762,13.2298,-0.3830,2
161,5.3667,0.0658,-0.0323,-0.0587,0.8450,0.0597,0.1325,15.0326,12.7674,-0.2111,2
162,5.4000,0.1087,-0.0723,-0.0767,0.8350,0.0823,0.1353,15.7974,14.2560,-0.2496,1
163,5.4333,0.0599,-0.0399,-0.0477,0.8583,0.0557,0.1367,16.1198,15.6448,-0.1355,1
164,5.4667,0.1192,-0.0732,-0.0935,0.8483,0.0720,0.1385,17.1399,17.0715,-0.2850,1
165,5.5000,0.1019,-0.0709,-0.0702,0.8450,0.0689,0.1355,17.4478,17.3837,-0.2607,1
166,5.5333,0.1147,-0.0752,-0.0862,0.8783,0.0687,0.1348,17.9448,17.8730,-0.3893,1
167,5.5667,0.1151,-0.0745,-0.0800,0.8833,0.0717,0.1282,17.5308,17.4545,-0.3236,1
168,5.6000,0.1221,-0.0825,-0.0838,0.8783,0.0602,0.1287,17.6917,17.5875,-0.3044,1
169,5.6333,0.1332,-0.1012,-0.0856,0.9033,0.0642,0.1264,17.8561,17.7226,-0.4100,2
170,5.6667,0.1613,-0.1207,-0.1048,0.9033,0.0700,0.1333,18.1849,18.1220,-0.1941,1
171,5.7000,0.0855,-0.0626,-0.0498,0.8983,0.0604,0.1400,17.8318,17.7545,-0.1845,1
172,5.7333,0.1058,-0.0434,-0.0986,0.8800,0.0631,0.1447,18.3954,18.3502,-0.2438,1
173,5.7667,0.1132,-0.0456,-0.1048,0.8867,0.0599,0.1384,18.1074,18.0431,-0.1636,1
174,5.8000,0.1207,-0.0455,-0.1139,0.8781,0.0604,0.1382,17.7492,17.0966,-0.3440,2
175,5.8333,0.1091,-0.0383,-0.1034,0.8763,0.0632,0.1408,17.8651,16.6550,-0.4201,3
176,5.8667,0.0933,-0.0290,-0.0887,0.8777,0.0659,0.1476,17.4859,16.2042,-0.3974,1
177,5.9000,0.1225,-0.0253,-0.1151,0.8773,0.0672,0.1500,17.5344,16.3452,-0.4752,1
178,5.9333,0.1514,-0.0335,-0.1490,0.8586,0.0646,0.1453,17.0625,15.4319,-0.3932,2
179,5.9667,0.0994,-0.0277,-0.0959,0.8712,0.0609,0.1481,17.2449,15.2697,-0.3225,1
180,6.0000,0.1005,-0.0449,-0.0912,0.8615,0.0588,0.1387,16.5147,14.0268,-0.3602,1
181,6.0333,0.1305,-0.0595,-0.1151,0.8952,0.0599,0.1365,16.9412,14.3686,-0.1451,2
182,6.0667,0.1566,-0.0581,-0.1426,0.8857,0.0793,0.1225,16.3835,14.0680,-0.2901,3
183,6.1000,0.0801,-0.0419,-0.0672,0.8961,0.0581,0.1205,17.0598,14.7676,-0.1603,3
184,6.1333,0.1653,-0.0908,-0.1376,0.9057,0.0836,0.1279,21.4531,19.0180,-0.4047,2
185,6.1667,0.1508,-0.0776,-0.1284,0.8911,0.0742,0.1125,17.1464,14.4737,-0.3263,2
186,6.2000,0.1673,-0.0939,-0.1382,0.8978,0.0861,0.1005,16.8133,13.8004,-0.1088,2
187,6.2333,0.0607,-0.0305,-0.0527,0.9094,0.0557,0.0936,16.8064,13.4158,-0.2974,2
188,6.2667,0.0813,-0.0188,-0.0728,0.9181,0.0724,0.0925,16.8182,13.6337,-0.3086,2
189,6.3000,0.1655,-0.0351,-0.1623,0.9228,0.1092,0.0830,15.9152,12.3481,-0.1275,2
190,6.3333,0.1029,-0.0617,-0.0813,0.9246,0.0907,0.0748,16.2909,12.1456,0.0399,2
191,6.3667,0.1401,-0.0850,-0.1090,0.9377,0.1029,0.0716,15.3981,11.1703,-0.0992,2
192,6.4000,0.1058,-0.0459,-0.0973,0.9477,0.0957,0.0674,16.1312,11.6916,-0.0174,2
193,6.4333,0.1553,-0.0380,-0.1507,0.9382,0.1070,0.0626,14.2844,9.5649,-0.1440,3
194,6.4667,0.1557,-0.1044,-0.1074,0.9445,0.1140,0.0617,13.7443,8.1758,-0.2431,2
195,6.5000,0.1384,-0.0754,-0.1178,0.9538,0.1127,0.0473,12.4832,6.3146,-0.1828,3
196,6.5333,0.0934,-0.0451,-0.0834,0.9545,0.0841,0.0374,12.2316,3.7289,0.0147,2
197,6.5667,0.1384,-0.0670,-0.1200,0.9714,0.1059,0.0297,10.0089,-0.7054,-0.0077,2
198,6.6000,0.1276,-0.0507,-0.1125,0.9666,0.1047,0.0249,7.8510,-6.7042,-0.0013,2
199,6.6333,0.1181,-0.0584,-0.1031,0.9650,0.0970,0.0233,7.5367,-7.4731,0.1007,1
200,6.6667,0.1055,-0.0491,-0.0900,0.9700,0.0938,0.0222,7.6688,-7.6193,0.0599,1
201,6.7000,0.1423,-0.0805,-0.1172,0.9683,0.1092,0.0241,7.9951,-7.9246,0.0678,1
202,6.7333,0.1093,-0.0557,-0.0940,0.9667,0.0939,0.0256,7.8403,-7.7278,-0.0020,1
203,6.7667,0.1367,-0.0575,-0.1250,0.9683,0.1083,0.0255,7.9002,-7.8327,0.0988,1
204,6.8000,0.1084,-0.0736,-0.0695,0.9700,0.0981,0.0232,7.7295,-7.6602,0.1046,1
205,6.8333,0.1566,-0.1078,-0.1134,0.9650,0.1053,0.0224,7.6539,-7.4798,0.0274,1
206,6.8667,0.1328,-0.1045,-0.0743,0.9683,0.1088,0.0232,7.7089,-7.5772,0.0641,1
207,6.9000,0.1516,-0.1291,-0.0809,0.9750,0.1076,0.0230,7.4409,-7.0857,-0.0089,1
208,6.9333,0.1495,-0.0305,-0.1469,0.9650,0.0800,0.0248,7.4431,-7.0610,0.1286,2
209,6.9667,0.1033,-0.0028,-0.1022,0.9667,0.0861,0.0261,7.3859,-7.0898,0.0752,2
210,7.0000,0.0947,-0.0485,-0.0718,0.9550,0.0837,0.0286,7.1471,-6.7331,-0.0942,2
211,7.0333,0.1161,-0.0662,-0.0916,0.9533,0.0737,0.0267,7.0548,-6.8594,-0.0849,2
212,7.0667,0.1058,-0.0442,-0.0910,0.9533,0.0744,0.0279,7.6093,-7.5174,-0.0319,2
213,7.1000,0.0744,-0.0260,-0.0685,0.9583,0.0734,0.0309,7.7685,-7.7281,0.1587,2
214,7.1333,0.0952,-0.0321,-0.0898,0.9533,0.0765,0.0320,7.8263,-7.7832,-0.0168,2
215,7.1667,0.0608,-0.0227,-0.0494,0.9497,0.0601,0.0386,8.2306,-3.9582,-0.1703,2
216,7.2000,0.0797,-0.0253,-0.0746,0.9467,0.0697,0.0417,10.5519,1.2025,-0.0327,2
217,7.2333,0.1078,-0.0718,-0.0769,0.9483,0.0828,0.0477,12.4859,4.7828,-0.1326,2
218,7.2667,0.0639,-0.0165,-0.0560,0.9317,0.0575,0.0526,13.8006,6.9695,-0.1386,2
219,7.3000,0.0314,-0.0073,-0.0236,0.9267,0.0345,0.0548,14.7536,8.5306,-0.1271,3
220,7.3333,0.0692,-0.0125,-0.0687,0.9382,0.0637,0.0572,15.7246,10.8942,-0.1951,2
221,7.3667,0.0826,-0.0051,-0.0820,0.9250,0.0630,0.0647,17.0806,12.4718,-0.4511,2
222,7.4000,0.0760,-0.0044,-0.0689,0.9183,0.0715,0.0716,17.3516,13.2279,-0.5155,2
223,7.4333,0.0875,-0.0532,-0.0537,0.9133,0.0613,0.0862,17.3623,13.3960,-0.9325,2
224,7.4667,0.0822,-0.0484,-0.0585,0.9050,0.0628,0.0948,17.7242,13.7638,-0.8042,2
225,7.5000,0.0638,-0.0435,-0.0479,0.9083,0.0568,0.0980,17.6776,13.6734,-0.7220,2
226,7.5333,0.0457,-0.0117,-0.0222,0.9064,0.0442,0.1059,17.6081,14.0163,-0.5293,2
227,7.5667,0.0356,-0.0046,-0.0179,0.9067,0.0331,0.1078,17.5175,13.9523,-0.5189,2
228,7.6000,0.0384,-0.0084,-0.0019,0.8983,0.0342,0.1157,17.5532,14.1181,-0.4772,3
229,7.6333,0.0390,-0.0114,-0.0101,0.9000,0.0366,0.1241,17.5515,14.1670,-0.5604,4
230,7.6667,0.0585,-0.0192,-0.0126,0.8867,0.0505,0.1382,18.6612,15.4508,-0.5883,3
231,7.7000,0.0457,-0.0111,-0.0179,0.8733,0.0373,0.1489,18.7665,15.8073,-0.7772,3
232,7.7333,0.0526,-0.0120,-0.0159,0.8833,0.0410,0.1591,19.7100,17.1274,-0.3966,4
233,7.7667,0.0521,-0.0088,-0.0125,0.8731,0.0464,0.1697,19.9005,17.4766,-0.6307,3
234,7.8000,0.0518,-0.0084,0.0037,0.8700,0.0460,0.1740,19.0999,16.3934,-0.7449,3
235,7.8333,0.0528,-0.0004,0.0164,0.8548,0.0411,0.1739,20.0646,17.3610,-0.5434,4
236,7.8667,0.0486,-0.0070,0.0161,0.8517,0.0403,0.1689,19.4117,16.6670,-0.4247,2
237,7.9000,0.0372,0.0014,0.0044,0.8583,0.0380,0.1817,19.9647,17.4312,-0.2448,3
238,7.9333,0.0405,0.0012,0.0245,0.8417,0.0376,0.1906,19.4349,16.8518,-0.1834,3
239,7.9667,0.0420,0.0017,0.0370,0.8350,0.0345,0.2145,21.2182,18.8232,-0.2896,3
240,8.0000,0.0657,-0.0023,0.0574,0.8383,0.0440,0.2188,22.0493,19.6541,-0.1942,3
241,8.0333,0.0186,0.0067,0.0129,0.8483,0.0276,0.2067,21.6687,19.1407,-0.2023,2
242,8.0667,0.0579,0.0151,0.0562,0.8467,0.0615,0.2057,21.5403,18.8427,-0.4024,3
243,8.1000,0.0776,0.0435,0.0648,0.8417,0.0580,0.2039,21.8679,18.9950,-0.4418,3
244,8.1333,0.0559,0.0276,0.0446,0.8481,0.0457,0.1987,20.3322,18.1363,-0.3869,2
245,8.1667,0.0940,0.0616,0.0616,0.8674,0.0702,0.1962,21.4503,19.5547,-0.5212,3
246,8.2000,0.0771,0.0431,0.0594,0.8810,0.0694,0.1916,22.8284,20.6938,-0.4384,3
247,8.2333,0.0434,0.0058,0.0434,0.8930,0.0508,0.1739,24.2411,22.9992,-0.4914,1
248,8.2667,0.0738,0.0496,0.0578,0.8748,0.0743,0.1699,24.2824,22.2954,-0.3534,1
249,8.3000,0.1188,0.0735,0.0950,0.8797,0.0993,0.1561,22.3192,20.5883,-0.1596,2
250,8.3333,0.0120,0.0013,0.0043,0.9067,0.0154,0.1728,27.6433,25.4867,-0.2923,3
251,8.3667,0.0814,0.0313,0.0624,0.9095,0.0668,0.1216,22.1590,19.1661,-0.2825,2
252,8.4000,0.1835,0.1425,0.1121,0.9130,0.1434,0.1129,17.5937,11.8872,-0.6485,2
253,8.4333,0.0952,0.0317,0.0866,0.9013,0.0807,0.1193,19.2116,14.4740,-0.0993,3
254,8.4667,0.0738,0.0292,0.0687,0.9032,0.0627,0.1113,20.8643,16.2896,-0.2227,2
255,8.5000,0.0816,0.0504,0.0636,0.9013,0.0751,0.1119,20.4620,15.6303,-0.2339,2
256,8.5333,0.0521,0.0208,0.0444,0.9095,0.0553,0.1015,20.3650,15.2385,-0.1812,3
257,8.5667,0.0802,0.0646,0.0455,0.9144,0.0777,0.0955,20.0446,14.3773,-0.3095,4
258,8.6000,0.0964,0.0667,0.0591,0.9013,0.0874,0.0856,16.6642,9.8604,-0.0284,2
259,8.6333,0.1263,0.1043,0.0713,0.9045,0.1061,0.0809,12.7073,2.9282,-0.1210,2
260,8.6667,0.1448,0.0830,0.1218,0.9266,0.1186,0.0657,11.8744,0.3917,-0.2022,3
261,8.7000,0.1041,0.0728,0.0733,0.9236,0.0911,0.0518,10.1359,-4.8795,-0.0831,2
262,8.7333,0.1509,0.1382,0.0596,0.9267,0.1085,0.0445,8.7537,-8.7401,0.0851,3
263,8.7667,0.1182,0.0726,0.0902,0.9217,0.0990,0.0468,8.7439,-8.7262,0.1452,2
264,8.8000,0.1573,0.1103,0.1085,0.9233,0.0747,0.0446,8.7321,-8.7022,0.0873,1
265,8.8333,0.1455,0.1018,0.1013,0.9300,0.0710,0.0431,8.8346,-8.8155,0.0851,2
266,8.8667,0.2206,0.1671,0.1355,0.9250,0.0903,0.0435,8.8246,-8.8063,0.0403,2
267,8.9000,0.0559,0.0444,0.0331,0.9367,0.0488,0.0416,8.8777,-8.8560,0.1424,2
268,8.9333,0.0600,0.0372,0.0472,0.9367,0.0606,0.0397,8.7804,-8.7467,0.1561,2
269,8.9667,0.1171,0.0750,0.0881,0.9300,0.0990,0.0411,8.7374,-8.6822,0.0133,2
270,9.0000,0.1271,0.0351,0.1191,0.9267,0.1044,0.0440,9.0226,-8.9917,0.1866,1
271,9.0333,0.1516,0.1039,0.1127,0.9250,0.1069,0.0415,8.9260,-8.8985,0.1059,1
272,9.0667,0.0829,0.0507,0.0600,0.9250,0.0777,0.0420,9.0839,-9.0607,0.1804,1
273,9.1000,0.1384,0.1052,0.0825,0.9267,0.1039,0.0424,9.2538,-9.2305,0.1151,1
274,9.1333,0.1420,0.0635,0.1224,0.9250,0.0990,0.0423,9.2075,-9.1841,0.0873,1
275,9.1667,0.1227,0.0540,0.1033,0.9333,0.0893,0.0432,9.0825,-8.9961,0.0336,1
276,9.2000,0.1236,0.0555,0.1116,0.9400,0.0982,0.0434,9.2779,-9.2297,0.0092,1
277,9.2333,0.1264,0.0553,0.1093,0.9300,0.1018,0.0452,9.2897,-9.2552,0.0097,1
278,9.2667,0.1494,0.1250,0.0794,0.9300,0.1011,0.0456,9.2489,-9.2040,0.0460,1
279,9.3000,0.1178,0.0760,0.0876,0.9300,0.0720,0.0463,9.2576,-9.1891,-0.0176,1
280,9.3333,0.1603,0.0846,0.1361,0.9267,0.0753,0.0470,9.2990,-9.2247,-0.0100,1
281,9.3667,0.1789,0.0880,0.1479,0.9183,0.0879,0.0480,9.1040,-9.0405,0.0162,1
282,9.4000,0.0938,0.0492,0.0753,0.9250,0.0676,0.0487,9.2298,-9.1846,0.2072,1
283,9.4333,0.0947,0.0421,0.0820,0.9200,0.0789,0.0475,9.1789,-9.1158,0.1475,1
284,9.4667,0.1365,0.0858,0.0893,0.9300,0.0931,0.0493,9.2034,-9.1772,0.1566,1
285,9.5000,0.1437,0.0990,0.1053,0.9200,0.1069,0.0502,9.3433,-9.3053,0.2635,1
286,9.5333,0.1537,0.1021,0.1159,0.9250,0.0799,0.0479,9.6038,-9.5362,0.3248,1
287,9.5667,0.1783,0.1245,0.1303,0.9250,0.0790,0.0459,9.2817,-9.2269,0.3088,1
288,9.6000,0.1661,0.0703,0.1486,0.9267,0.0818,0.0489,9.4841,-9.4375,0.2862,2
289,9.6333,0.0869,0.0336,0.0779,0.9300,0.0691,0.0471,9.5654,-9.5310,0.2334,2
290,9.6667,0.1041,0.0511,0.0860,0.9250,0.0741,0.0463,9.6376,-9.6113,0.1766,2
291,9.7000,0.1425,0.0561,0.1285,0.9267,0.0689,0.0451,9.6503,-9.6388,0.1333,2
292,9.7333,0.1374,0.0593,0.1256,0.9217,0.0723,0.0450,9.4570,-9.4260,0.0802,1
293,9.7667,0.0815,0.0313,0.0730,0.9283,0.0557,0.0435,9.3486,-9.2844,0.1461,1
294,9.8000,0.0878,0.0255,0.0793,0.9250,0.0629,0.0441,9.3266,-9.2579,0.2397,1
295,9.8333,0.1182,0.0413,0.1116,0.9200,0.0635,0.0470,9.4936,-9.4401,0.2985,1
296,9.8667,0.1229,0.0334,0.1140,0.9283,0.0617,0.0462,9.6105,-9.5606,0.2038,2
297,9.9000,0.0933,0.0284,0.0858,0.9200,0.0603,0.0510,9.6256,-9.5745,0.4069,1
298,9.9333,0.0685,-0.0055,0.0679,0.9233,0.0537,0.0496,9.3457,-9.2996,0.1846,1
299,9.9667,0.1103,-0.0105,0.1092,0.9233,0.0601,0.0519,9.3604,-9.2610,-0.0590,1
300,10.0000,0.1241,-0.0078,0.1222,0.9233,0.0633,0.0497,9.1943,-9.0926,-0.0086,1
301,10.0333,0.0854,-0.0028,0.0850,0.9267,0.0607,0.0479,9.4239,-9.3831,0.0018,1
302,10.0667,0.0688,0.0078,0.0660,0.9250,0.0574,0.0471,9.6077,-9.5774,0.0448,1
303,10.1000,0.1237,0.0053,0.1223,0.9400,0.0653,0.0457,9.3712,-9.3268,0.0638,1
304,10.1333,0.1010,0.0002,0.1006,0.9333,0.0596,0.0443,9.1293,-8.7039,0.0011,3
305,10.1667,0.0580,0.0045,0.0575,0.9300,0.0472,0.0451,9.1231,-8.8994,0.0024,3
306,10.2000,0.0456,-0.0025,0.0454,0.9200,0.0470,0.0484,9.2020,-9.1027,0.1233,1
307,10.2333,0.1126,-0.0110,0.1116,0.9233,0.0681,0.0478,9.2397,-9.2038,0.0650,1
308,10.2667,0.0984,-0.0056,0.0974,0.9183,0.0545,0.0491,9.2904,-9.2665,0.0450,2
309,10.3000,0.1116,-0.0030,0.1112,0.9133,0.0619,0.0514,9.3766,-9.3105,0.1501,2
310,10.3333,0.0330,-0.0026,0.0329,0.9146,0.0353,0.0555,9.2072,-8.0347,-0.1935,2
311,10.3667,0.0462,-0.0057,0.0447,0.8930,0.0480,0.0603,10.3192,-5.5328,-0.2381,2
312,10.4000,0.0656,-0.0313,0.0576,0.8967,0.0645,0.0661,11.0019,-3.1473,0.1091,2
313,10.4333,0.0917,-0.0287,0.0858,0.8867,0.0694,0.0722,13.3065,1.8687,-0.1029,2
314,10.4667,0.0604,-0.0135,0.0591,0.8880,0.0538,0.0663,14.3851,3.2468,-0.1938,2
315,10.5000,0.0567,-0.0260,0.0511,0.9025,0.0555,0.0737,15.9333,7.4887,-0.2969,3
316,10.5333,0.0437,-0.0253,0.0357,0.8963,0.0434,0.0771,16.1403,8.4850,-0.1244,2
317,10.5667,0.0263,-0.0139,0.0132,0.8978,0.0330,0.0813,18.0714,11.0338,-0.4551,2
318,10.6000,0.0704,-0.0640,0.0193,0.9028,0.0539,0.0791,18.8314,13.7055,-0.2105,3
319,10.6333,0.0884,-0.0837,0.0273,0.9067,0.0593,0.0830,19.4343,15.9766,-0.3716,3
320,10.6667,0.0762,-0.0724,0.0243,0.8917,0.0580,0.0954,19.2788,15.9695,-0.5734,2
321,10.7000,0.0725,-0.0659,0.0318,0.8667,0.0609,0.1085,19.6572,16.9370,-0.2362,2
322,10.7333,0.0405,-0.0358,0.0176,0.8633,0.0411,0.1195,18.9741,16.1236,-0.2878,2
323,10.7667,0.0704,-0.0566,0.0319,0.8767,0.0592,0.1205,18.9228,16.1816,-0.5338,3
324,10.8000,0.0650,-0.0632,0.0107,0.8700,0.0563,0.1314,17.8051,15.2885,-0.3804,5
325,10.8333,0.0285,-0.0282,0.0026,0.8717,0.0302,0.1353,17.0488,14.0884,-0.5621,4
326,10.8667,0.0421,-0.0413,-0.0003,0.8598,0.0389,0.1494,15.4240,12.1838,-0.5313,5
327,10.9000,0.0251,-0.0242,-0.0069,0.8548,0.0293,0.1555,16.2309,12.9855,-0.4922,6
328,10.9333,0.0678,-0.0673,-0.0080,0.8467,0.0566,0.1684,16.5151,13.4431,-0.7507,6
329,10.9667,0.0777,-0.0775,-0.0028,0.8133,0.0525,0.1717,16.9546,14.1519,-0.5035,4
330,11.0000,0.0812,-0.0802,-0.0050,0.8033,0.0567,0.1880,17.0829,14.4076,-0.6472,5
331,11.0333,0.0477,-0.0473,-0.0030,0.7867,0.0483,0.2040,16.6076,14.3969,-0.5410,2
332,11.0667,0.0745,-0.0742,-0.0063,0.7683,0.0602,0.2257,16.4005,14.0253,-0.5922,2
333,11.1000,0.0934,-0.0924,-0.0168,0.7650,0.0484,0.2296,15.8662,13.1485,-0.1569,2
334,11.1333,0.0957,-0.0949,-0.0094,0.7429,0.0512,0.2234,16.1993,12.7021,-0.5577,2
335,11.1667,0.0753,-0.0729,-0.0204,0.7660,0.0596,0.2255,16.9518,13.3094,-0.5716,3
336,11.2000,0.1044,-0.0995,-0.0260,0.7733,0.0580,0.2146,17.3647,14.4456,-0.5572,4
337,11.2333,0.1187,-0.1160,-0.0258,0.7846,0.0573,0.2106,18.2693,15.8553,-0.5458,5
338,11.2667,0.1201,-0.1167,-0.0365,0.8067,0.0636,0.2205,18.8609,17.0891,-0.4925,5
339,11.3000,0.0825,-0.0804,-0.0186,0.8188,0.0557,0.1996,19.3033,17.9271,-0.5684,3
340,11.3333,0.0853,-0.0824,-0.0141,0.8378,0.0642,0.1877,19.4070,18.9234,-0.6360,4
341,11.3667,0.1167,-0.1136,-0.0149,0.8528,0.0610,0.1846,20.1132,19.9461,-0.6322,2
342,11.4000,0.1304,-0.1283,-0.0163,0.8583,0.0623,0.1768,19.8420,19.7303,-0.4653,4
343,11.4333,0.0907,-0.0851,-0.0251,0.8517,0.0529,0.1704,18.8914,18.5120,-0.4272,3
344,11.4667,0.1015,-0.0920,-0.0415,0.8658,0.0702,0.1721,18.8948,18.5434,-0.4039,3
345,11.5000,0.1422,-0.1298,-0.0471,0.8691,0.0681,0.1743,19.9855,19.8504,-0.3304,3
346,11.5333,0.1341,-0.1195,-0.0638,0.8579,0.0648,0.1799,20.3740,20.1972,-0.3560,2
347,11.5667,0.0921,-0.0842,-0.0368,0.8593,0.0537,0.1627,21.2992,21.1850,-0.4353,1
348,11.6000,0.1036,-0.0995,-0.0286,0.8816,0.0647,0.1529,20.4684,20.2575,-0.5064,4
349,11.6333,0.0999,-0.0947,-0.0338,0.9034,0.0628,0.1488,20.3158,20.1360,-0.5242,2
350,11.6667,0.0758,-0.0673,-0.0282,0.8891,0.0536,0.1487,21.6332,21.5031,-0.4096,3
351,11.7000,0.0854,-0.0787,-0.0265,0.8773,0.0555,0.1526,19.5285,18.6508,-0.3793,4
352,11.7333,0.0924,-0.0858,-0.0313,0.8872,0.0546,0.1491,21.1145,19.6662,-0.2482,3
353,11.7667,0.0769,-0.0748,-0.0182,0.8928,0.0556,0.1555,23.2111,21.7652,-0.4475,3
354,11.8000,0.0495,-0.0400,-0.0276,0.8880,0.0534,0.1425,20.1998,18.1783,-0.3017,4
355,11.8333,0.0931,-0.0858,-0.0265,0.8865,0.0708,0.1432,20.5919,17.8101,-0.2322,4
356,11.8667,0.0305,-0.0252,-0.0058,0.8765,0.0360,0.1286,19.7453,15.9785,-0.1594,1
357,11.9000,0.0888,-0.0834,-0.0142,0.8767,0.0694,0.1283,19.2860,14.5550,-0.2555,3
358,11.9333,0.0739,-0.0662,-0.0097,0.9027,0.0476,0.1206,18.5662,13.4848,-0.1314,2
359,11.9667,0.0909,-0.0875,-0.0209,0.9103,0.0662,0.1108,18.0832,12.4512,-0.2478,2
360,12.0000,0.0614,-0.0575,-0.0079,0.9094,0.0512,0.1044,18.7272,12.4466,-0.2853,2
361,12.0333,0.0204,-0.0186,-0.0033,0.9227,0.0229,0.0946,17.4554,10.6846,-0.3630,2
362,12.0667,0.0734,-0.0696,-0.0158,0.9207,0.0679,0.0896,16.6507,8.5946,-0.2475,2
363,12.1000,0.1047,-0.1015,0.0144,0.9185,0.0769,0.0858,16.1023,7.8873,-0.4149,2
364,12.1333,0.0525,-0.0499,0.0043,0.9321,0.0472,0.0821,15.1473,6.2624,-0.2467,2
365,12.1667,0.0548,-0.0542,0.0011,0.9494,0.0539,0.0512,11.6748,-1.5443,0.0623,3
366,12.2000,0.0391,-0.0342,0.0072,0.9530,0.0406,0.0354,9.7270,-7.8852,0.0023,2
367,12.2333,0.1022,-0.0990,0.0028,0.9533,0.0848,0.0348,8.9949,-8.9334,0.1482,1
368,12.2667,0.1103,-0.1019,0.0290,0.9583,0.0770,0.0338,9.1345,-9.0520,0.1517,1
369,12.3000,0.0461,-0.0441,0.0043,0.9600,0.0435,0.0344,9.2744,-9.1514,0.1072,1
370,12.3333,0.0705,-0.0464,0.0350,0.9617,0.0687,0.0327,8.9467,-8.7416,0.1864,1
371,12.3667,0.1012,-0.0942,0.0326,0.9583,0.0800,0.0320,8.8259,-8.6742,0.1432,2
372,12.4000,0.0517,-0.0225,0.0376,0.9567,0.0519,0.0327,8.5722,-8.4478,0.1116,2
373,12.4333,0.0781,-0.0615,0.0508,0.9650,0.0645,0.0305,8.3343,-8.1522,-0.0443,2
374,12.4667,0.0475,-0.0294,0.0329,0.9600,0.0460,0.0327,8.4836,-8.4050,0.0359,2
375,12.5000,0.0873,-0.0609,0.0578,0.9567,0.0652,0.0356,8.7644,-8.6616,-0.0175,3
376,12.5333,0.0455,-0.0170,0.0391,0.9433,0.0415,0.0382,8.6824,-8.5488,0.0729,2
377,12.5667,0.0492,-0.0246,0.0377,0.9467,0.0459,0.0405,8.5165,-8.3421,0.1239,2
378,12.6000,0.0766,-0.0380,0.0657,0.9333,0.0593,0.0438,8.5347,-8.3664,0.0183,2
379,12.6333,0.0596,-0.0261,0.0534,0.9400,0.0479,0.0442,8.4753,-8.2766,0.1175,2
380,12.6667,0.0278,-0.0150,0.0203,0.9417,0.0328,0.0392,8.3307,-8.1338,-0.0204,3
381,12.7000,0.0511,-0.0135,0.0493,0.9450,0.0550,0.0404,8.3300,-8.1267,-0.0297,2
382,12.7333,0.0765,-0.0144,0.0734,0.9383,0.0653,0.0410,9.1138,-8.9988,0.0182,2
383,12.7667,0.0942,-0.0316,0.0886,0.9250,0.0738,0.0457,8.8566,-8.6856,-0.0347,2
384,12.8000,0.0371,-0.0128,0.0320,0.9367,0.0398,0.0433,8.3672,-8.1373,0.0063,2
385,12.8333,0.0190,-0.0082,0.0174,0.9367,0.0231,0.0454,8.8294,-8.5535,0.0303,2
386,12.8667,0.0451,-0.0158,0.0376,0.9233,0.0492,0.0477,8.8801,-8.5662,0.0221,2
387,12.9000,0.0820,-0.0427,0.0642,0.9183,0.0669,0.0490,8.5526,-8.2168,0.0179,2
388,12.9333,0.0216,-0.0109,0.0139,0.9067,0.0333,0.0571,9.0249,-6.8056,-0.0340,2
389,12.9667,0.0203,-0.0146,0.0079,0.9100,0.0334,0.0597,10.5742,-3.7581,-0.1099,2
390,13.0000,0.0201,-0.0145,0.0049,0.9067,0.0261,0.0668,11.8623,-0.7560,-0.1947,2
391,13.0333,0.0460,-0.0129,0.0365,0.8883,0.0534,0.0742,13.5365,2.3244,-0.1748,2
392,13.0667,0.0171,-0.0066,0.0151,0.9048,0.0215,0.0727,13.8197,3.1510,0.0719,2
393,13.1000,0.0151,-0.0071,0.0094,0.8950,0.0176,0.0776,15.5211,5.9120,-0.1700,2
394,13.1333,0.0239,0.0040,0.0078,0.8900,0.0348,0.0809,16.2330,9.0611,-0.4153,2
395,13.1667,0.0170,-0.0050,0.0049,0.8933,0.0198,0.0873,16.7119,10.2491,-0.4171,2
396,13.2000,0.0450,0.0242,0.0339,0.8683,0.0467,0.1133,18.5643,13.8413,-0.5886,3
397,13.2333,0.0820,0.0524,0.0617,0.8750,0.0588,0.1190,19.4212,14.7243,-0.8010,3
398,13.2667,0.0535,0.0374,0.0358,0.8683,0.0447,0.1243,18.5774,13.9058,-0.6230,3
399,13.3000,0.0320,0.0201,0.0096,0.8783,0.0348,0.1192,18.8628,13.9044,-0.5121,3
400,13.3333,0.0805,0.0576,0.0555,0.8800,0.0680,0.1237,18.7230,14.2064,-0.4149,3
401,13.3667,0.0618,0.0540,-0.0156,0.8750,0.0540,0.1249,19.2990,14.7040,-0.2297,4
402,13.4000,0.0346,0.0270,-0.0132,0.8650,0.0357,0.1438,19.4233,15.2864,-0.2661,3
403,13.4333,0.0305,0.0227,-0.0097,0.8617,0.0328,0.1523,19.3810,15.3006,-0.1583,3
404,13.4667,0.0533,0.0444,-0.0199,0.8517,0.0525,0.1645,19.6240,15.7111,-0.2066,4
405,13.5000,0.0473,0.0356,-0.0166,0.8400,0.0430,0.1869,19.4585,15.9602,-0.1852,3
406,13.5333,0.0403,0.0311,-0.0099,0.8411,0.0369,0.2004,20.2147,16.6032,-0.2639,3
407,13.5667,0.0272,0.0233,-0.0054,0.8244,0.0280,0.1999,19.2975,15.4550,-0.1950,2
408,13.6000,0.0667,0.0483,-0.0354,0.8267,0.0525,0.1959,19.3543,15.3378,-0.2762,3
409,13.6333,0.0622,0.0464,-0.0404,0.8050,0.0523,0.2097,20.0909,16.7099,-0.3131,2
410,13.6667,0.0786,0.0560,-0.0536,0.8150,0.0580,0.2157,20.0599,16.6318,-0.1155,3
411,13.7000,0.0387,0.0211,-0.0309,0.8267,0.0380,0.2181,20.0379,16.8782,-0.3109,3
412,13.7333,0.0719,0.0236,-0.0635,0.8200,0.0585,0.2138,19.8497,16.6965,-0.2123,3
413,13.7667,0.0618,0.0144,-0.0575,0.8333,0.0449,0.2134,21.6596,20.3102,-0.4860,3
414,13.8000,0.0625,0.0142,-0.0587,0.8417,0.0469,0.2006,21.5124,20.1607,-0.5712,3
415,13.8333,0.0720,0.0139,-0.0699,0.8667,0.0539,0.1914,21.7113,20.4842,-0.3782,3
416,13.8667,0.0243,-0.0073,-0.0202,0.8617,0.0365,0.1998,22.0623,20.8664,-0.2405,3
417,13.9000,0.0934,-0.0106,-0.0867,0.8650,0.0719,0.1873,22.2033,20.8743,-0.2936,2
418,13.9333,0.0728,-0.0044,-0.0682,0.8750,0.0623,0.1842,22.0426,20.7564,-0.4073,2
419,13.9667,0.0915,-0.0127,-0.0883,0.8750,0.0825,0.1779,21.0795,19.5302,-0.4165,2
420,14.0000,0.0985,0.0145,-0.0947,0.8633,0.0557,0.1803,21.2221,19.3416,-0.5587,3
421,14.0333,0.0968,0.0104,-0.0922,0.8799,0.0545,0.1791,20.6907,19.1738,-0.6609,2
422,14.0667,0.1278,0.0193,-0.1239,0.8754,0.0608,0.1722,21.1962,19.1203,-0.4566,2
423,14.1000,0.0603,0.0070,-0.0568,0.8663,0.0535,0.1657,19.9627,16.3203,-0.3764,2
424,14.1333,0.0838,0.0061,-0.0822,0.8707,0.0647,0.1572,19.3359,15.2057,-0.3456,3
425,14.1667,0.1155,0.0162,-0.1102,0.8715,0.0652,0.1423,17.7156,12.8517,-0.0870,4
426,14.2000,0.1371,0.0213,-0.1340,0.8811,0.0621,0.1347,17.9209,12.9127,-0.0938,3
427,14.2333,0.0642,0.0054,-0.0620,0.8896,0.0583,0.1310,19.6108,14.8732,-0.2164,3
428,14.2667,0.1197,0.0235,-0.1121,0.8896,0.0903,0.1210,18.7913,13.4978,0.0553,3
429,14.3000,0.0766,0.0222,-0.0551,0.8855,0.0949,0.1188,19.0777,13.4959,-0.1524,3
430,14.3333,0.1225,0.0021,-0.1224,0.8923,0.0910,0.1194,19.3851,12.9532,-0.2040,3
431,14.3667,0.1101,-0.0159,-0.1064,0.8769,0.0966,0.1122,17.5210,10.7290,-0.1617,3
432,14.4000,0.1275,0.0075,-0.1267,0.8805,0.1054,0.1058,16.0138,7.2818,-0.1136,3
433,14.4333,0.0900,0.0108,-0.0820,0.8945,0.0803,0.0938,14.6176,4.1101,-0.0756,2
434,14.4667,0.0912,-0.0015,-0.0869,0.9066,0.0755,0.0881,13.8471,2.8264,-0.0402,2
435,14.5000,0.0866,0.0106,-0.0750,0.9134,0.0983,0.0785,15.2874,2.6988,0.1513,3
436,14.5333,0.1665,-0.0018,-0.1638,0.9100,0.1110,0.0688,11.8341,-3.0649,0.1166,4
437,14.5667,0.0852,-0.0095,-0.0651,0.9130,0.0873,0.0589,9.5198,-8.1939,0.1227,3
438,14.6000,0.1219,0.0377,-0.0938,0.9033,0.1068,0.0574,9.3192,-9.2978,0.1302,2
439,14.6333,0.1362,0.0216,-0.1327,0.9033,0.1032,0.0600,9.1308,-9.0797,0.1450,2
440,14.6667,0.1158,-0.0092,-0.0989,0.9050,0.1088,0.0612,9.3429,-9.2882,0.1451,2
441,14.7000,0.1189,-0.0035,-0.1144,0.8933,0.1055,0.0615,9.1588,-9.1051,0.1007,2
442,14.7333,0.1006,-0.0043,-0.0934,0.9017,0.0966,0.0618,9.1239,-9.0953,0.0696,2
443,14.7667,0.1213,0.0003,-0.1159,0.9083,0.1037,0.0602,9.2298,-9.2013,0.0845,2
444,14.8000,0.0881,0.0056,-0.0728,0.9083,0.0869,0.0590,9.0308,-8.9908,0.0289,3
445,14.8333,0.0840,-0.0010,-0.0825,0.9083,0.0805,0.0578,8.9700,-8.9033,0.0098,3
446,14.8667,0.1113,0.0130,-0.1056,0.9050,0.1004,0.0542,8.6079,-8.5174,0.1250,3
447,14.9000,0.1191,0.0207,-0.1098,0.9083,0.0959,0.0522,8.6875,-8.5684,0.1336,3
448,14.9333,0.0914,-0.0166,-0.0805,0.9167,0.0806,0.0477,8.4516,-8.2838,-0.0538,3
449,14.9667,0.0502,0.0194,-0.0417,0.9183,0.0561,0.0452,8.6695,-8.5449,-0.0384,3
450,15.0000,0.1767,0.0002,-0.1745,0.9167,0.1030,0.0473,8.6522,-8.4992,-0.0233,3
451,15.0333,0.1106,0.0240,-0.1035,0.9217,0.1007,0.0480,8.6013,-8.5106,-0.0176,3
452,15.0667,0.0711,0.0150,-0.0680,0.9317,0.0706,0.0443,8.7359,-8.6719,0.0030,3
453,15.1000,0.0915,-0.0057,-0.0889,0.9217,0.0864,0.0412,8.4671,-8.3209,-0.0120,4
454,15.1333,0.1851,-0.0143,-0.1824,0.9317,0.1022,0.0404,8.2697,-8.1158,0.0119,3
455,15.1667,0.0824,-0.0048,-0.0737,0.9417,0.0807,0.0371,7.9232,-7.7839,0.1377,4
456,15.2000,0.1039,0.0294,-0.0959,0.9400,0.0953,0.0364,7.9462,-7.8309,0.1446,4
457,15.2333,0.1495,0.0742,-0.1291,0.9500,0.1231,0.0325,7.7404,-7.4826,0.0707,3
458,15.2667,0.1054,0.0393,-0.0910,0.9417,0.1012,0.0313,7.8702,-7.7737,0.0566,3
459,15.3000,0.1188,0.0261,-0.1139,0.9567,0.0986,0.0290,7.9559,-7.9024,0.1080,3
460,15.3333,0.1522,0.1004,-0.1151,0.9549,0.1194,0.0278,8.0133,-7.9503,0.1989,3
461,15.3667,0.1714,0.0995,-0.1316,0.9549,0.1246,0.0258,7.7070,-7.6175,0.1445,3
462,15.4000,0.0778,0.0038,-0.0721,0.9667,0.0865,0.0246,7.9590,-7.8184,0.0923,3
463,15.4333,0.1370,0.0457,-0.1196,0.9633,0.1093,0.0230,7.5655,-7.4929,0.1541,3
464,15.4667,0.1193,0.0829,-0.0760,0.9600,0.1091,0.0240,7.4245,-7.2982,0.0084,4
465,15.5000,0.1257,0.1028,-0.0742,0.9633,0.1122,0.0245,7.3439,-6.9196,0.1132,3
466,15.5333,0.1745,0.1115,-0.1260,0.9550,0.1262,0.0271,7.3302,-7.2543,0.0081,3
467,15.5667,0.1573,0.0992,-0.1201,0.9500,0.1212,0.0296,7.8330,-7.7726,-0.0392,3
468,15.6000,0.1170,0.0491,-0.1001,0.9467,0.1026,0.0340,8.0837,-8.0221,0.0387,3
469,15.6333,0.1198,0.0684,-0.0997,0.9483,0.0998,0.0354,8.0499,-8.0127,0.0177,3
470,15.6667,0.2177,0.1678,-0.1375,0.9317,0.1375,0.0376,8.4140,-8.3861,0.0402,3
471,15.7000,0.2092,0.0820,-0.1898,0.9350,0.1099,0.0386,8.3574,-8.3184,0.0542,3
472,15.7333,0.0904,0.0540,-0.0563,0.9317,0.0868,0.0409,8.4550,-8.4052,-0.0128,3
473,15.7667,0.1685,0.1104,-0.1211,0.9300,0.1174,0.0435,8.3768,-8.3025,0.0519,3
474,15.8000,0.2011,0.1346,-0.1448,0.9367,0.1291,0.0461,8.5390,-8.4542,0.1166,3
475,15.8333,0.1369,0.0567,-0.1117,0.9250,0.1106,0.0470,8.4213,-8.3473,0.1072,3
476,15.8667,0.2341,0.1117,-0.1991,0.9183,0.1021,0.0475,8.4592,-8.3634,0.0530,3
477,15.9000,0.2031,0.1365,-0.1502,0.9183,0.1035,0.0506,8.5920,-8.5510,0.0729,3
478,15.9333,0.1121,0.0630,-0.0859,0.9183,0.0791,0.0497,8.7657,-8.7335,0.0374,3
479,15.9667,0.1344,0.0830,-0.1056,0.9100,0.1047,0.0519,8.7952,-8.7650,0.0677,3
480,16.0000,0.1931,0.1430,-0.1271,0.9167,0.1243,0.0518,8.6473,-8.5781,0.0437,3
481,16.0333,0.1566,0.1053,-0.1150,0.9200,0.1155,0.0525,8.9561,-8.9089,0.1490,3
482,16.0667,0.2070,0.1620,-0.1177,0.9167,0.1167,0.0558,8.8829,-8.8253,0.0866,3
483,16.1000,0.1632,0.1095,-0.1207,0.9083,0.1155,0.0558,9.0030,-8.8390,0.0420,2
484,16.1333,0.1790,0.1315,-0.1210,0.9067,0.0768,0.0590,8.7462,-8.6897,0.1333,3
485,16.1667,0.1955,0.1500,-0.1256,0.9100,0.0753,0.0598,8.8731,-8.8448,0.1732,2
486,16.2000,0.1951,0.1653,-0.1036,0.9017,0.1013,0.0607,9.0009,-8.9490,0.1097,2
487,16.2333,0.0912,0.0675,-0.0608,0.9000,0.0652,0.0597,9.1180,-9.0730,0.0656,2
488,16.2667,0.1455,0.1157,-0.0849,0.8950,0.0865,0.0632,9.0444,-8.9952,0.1674,2
489,16.3000,0.1798,0.1458,-0.1030,0.8983,0.0824,0.0634,9.3163,-9.2783,0.1397,2
490,16.3333,0.1582,0.1381,-0.0757,0.8917,0.0821,0.0629,9.2299,-9.1902,0.1366,3
491,16.3667,0.1301,0.1163,-0.0593,0.8983,0.0780,0.0628,9.3051,-9.2719,0.0742,3
492,16.4000,0.0576,0.0316,-0.0516,0.9067,0.0596,0.0635,9.3955,-9.3625,0.1078,3
493,16.4333,0.1387,0.1270,-0.0439,0.9050,0.0922,0.0643,9.3561,-9.2962,0.0130,3
494,16.4667,0.1479,0.1395,-0.0562,0.8883,0.0865,0.0654,9.4806,-9.4329,0.1420,3
495,16.5000,0.1878,0.1769,-0.0583,0.8917,0.0770,0.0663,9.5714,-9.5327,0.0799,3
496,16.5333,0.2007,0.1770,-0.0877,0.8917,0.0841,0.0691,9.5235,-9.4743,0.0670,3
497,16.5667,0.0931,0.0849,-0.0383,0.8750,0.0574,0.0681,9.5082,-9.4747,0.0990,3
498,16.6000,0.0910,0.0893,-0.0100,0.8783,0.0767,0.0708,9.5302,-9.4872,0.0944,3
499,16.6333,0.1917,0.1784,-0.0675,0.8817,0.0998,0.0731,9.4153,-9.3628,0.1115,3
500,16.6667,0.0650,0.0643,-0.0066,0.8900,0.0601,0.0727,9.3761,-9.3237,0.1808,3
501,16.7000,0.1604,0.1540,-0.0269,0.8867,0.0987,0.0731,9.7349,-9.7050,0.0906,2
502,16.7333,0.1191,0.1158,0.0101,0.8933,0.0648,0.0746,9.7141,-9.6924,0.1460,2
503,16.7667,0.1400,0.1382,0.0079,0.8950,0.0612,0.0709,9.5198,-9.4984,0.1656,2
504,16.8000,0.1469,0.1450,0.0096,0.8783,0.0682,0.0736,9.6766,-9.6500,0.1279,2
505,16.8333,0.1023,0.1012,-0.0032,0.8900,0.0646,0.0779,9.4498,-9.4148,0.0425,1
506,16.8667,0.0518,0.0511,0.0067,0.8817,0.0518,0.0793,9.4980,-9.4223,0.1799,1
507,16.9000,0.1404,0.1237,0.0573,0.8767,0.0926,0.0844,9.5266,-9.4690,0.0734,1
508,16.9333,0.0706,0.0605,0.0364,0.8800,0.0657,0.0866,9.6145,-9.5679,0.1164,1
509,16.9667,0.0995,0.0816,0.0494,0.8767,0.0791,0.0896,9.3627,-9.3119,0.1952,2
510,17.0000,0.1514,0.0875,0.1170,0.8783,0.0646,0.0920,9.6431,-9.5867,0.0628,2
511,17.0333,0.1146,0.0580,0.0924,0.8683,0.0542,0.0966,9.8660,-9.8382,0.0532,1
512,17.0667,0.1459,0.0594,0.1264,0.8550,0.0720,0.0987,9.5083,-9.4862,0.0297,1
513,17.1000,0.1123,0.0527,0.0974,0.8617,0.0673,0.0989,9.5860,-9.5572,0.0631,1
514,17.1333,0.0832,0.0269,0.0775,0.8633,0.0648,0.1013,9.4593,-9.4247,0.0713,1
515,17.1667,0.1708,0.0515,0.1615,0.8567,0.0739,0.1021,9.4987,-9.4503,-0.0074,2
516,17.2000,0.1573,0.0574,0.1435,0.8583,0.0644,0.1062,9.4504,-9.2731,-0.0013,2
517,17.2333,0.1297,0.0432,0.1164,0.8583,0.0688,0.1069,9.4647,-9.3716,0.1480,1
518,17.2667,0.1112,0.0293,0.1055,0.8483,0.0735,0.1088,9.4590,-9.3603,0.1154,1
519,17.3000,0.1672,0.0464,0.1571,0.8500,0.0731,0.1110,9.3856,-9.2562,-0.0578,1
520,17.3333,0.2025,0.0460,0.1954,0.8450,0.0739,0.1082,9.4761,-9.3847,0.0117,3
521,17.3667,0.1739,0.0092,0.1631,0.8600,0.0745,0.1068,9.1708,-9.0456,0.0244,3
522,17.4000,0.1509,-0.0025,0.1482,0.8500,0.0787,0.1103,9.2228,-9.0885,0.1204,1
523,17.4333,0.1891,-0.0001,0.1881,0.8450,0.0712,0.1112,9.3897,-9.2903,-0.0423,1
524,17.4667,0.2036,0.0127,0.2004,0.8400,0.0721,0.1133,9.5735,-9.5038,0.0641,1
525,17.5000,0.1491,-0.0004,0.1491,0.8467,0.0774,0.1123,9.1547,-9.0575,0.0715,1
526,17.5333,0.1669,0.0089,0.1656,0.8400,0.0774,0.1111,9.5912,-9.4782,0.0473,1
527,17.5667,0.1779,0.0067,0.1743,0.8533,0.0759,0.1108,9.4124,-9.3582,0.0602,1
528,17.6000,0.2540,0.0015,0.2532,0.8483,0.0941,0.1110,9.4155,-9.3372,0.0832,1
529,17.6333,0.1366,0.0073,0.1341,0.8417,0.0978,0.1098,9.3683,-9.2648,0.1464,1
530,17.6667,0.1752,-0.0187,0.1728,0.8383,0.0849,0.1094,9.3989,-9.3418,0.0686,3
531,17.7000,0.1786,-0.0131,0.1774,0.8383,0.0775,0.1068,9.3860,-9.2982,0.1503,4
532,17.7333,0.2296,-0.0119,0.2293,0.8333,0.0731,0.1052,9.4772,-9.3329,0.1143,2
533,17.7667,0.1485,-0.0301,0.1435,0.8517,0.0818,0.1032,9.3684,-9.2805,0.1438,4
534,17.8000,0.1923,-0.0153,0.1901,0.8517,0.0726,0.1063,9.2978,-9.1661,0.1904,3
535,17.8333,0.1972,0.0112,0.1951,0.8500,0.0678,0.1096,9.3305,-9.1532,0.2027,4
536,17.8667,0.1852,-0.0230,0.1831,0.8600,0.0717,0.1076,9.4824,-9.3232,0.1602,5
537,17.9000,0.1807,-0.0049,0.1804,0.8517,0.0691,0.1092,9.7868,-9.5085,0.1432,4
538,17.9333,0.1496,0.0017,0.1496,0.8433,0.0817,0.1108,9.4003,-9.2546,0.1666,3
539,17.9667,0.1740,-0.0034,0.1739,0.8450,0.0687,0.1109,9.6630,-9.6238,0.1071,3
540,18.0000,0.1879,-0.0073,0.1861,0.8433,0.0724,0.1128,9.4648,-9.3993,0.0594,2
541,18.0333,0.1038,-0.0087,0.1030,0.8517,0.0690,0.1102,9.6023,-9.5258,0.0734,3
542,18.0667,0.1210,0.0088,0.1201,0.8383,0.0759,0.1127,9.4955,-9.4204,0.1346,4
543,18.1000,0.1551,0.0148,0.1541,0.8383,0.0648,0.1162,9.6676,-9.5759,0.0477,3
544,18.1333,0.1761,0.0166,0.1752,0.8333,0.0665,0.1195,9.6934,-9.6661,-0.1279,3
545,18.1667,0.0963,-0.0062,0.0950,0.8500,0.0633,0.1153,9.4387,-9.3886,0.0132,4
546,18.2000,0.1112,0.0074,0.1109,0.8467,0.0677,0.1179,9.6110,-9.5855,0.0582,4
547,18.2333,0.1689,0.0033,0.1685,0.8383,0.0703,0.1131,9.6583,-9.5856,0.0441,4
548,18.2667,0.1411,0.0027,0.1388,0.8400,0.0708,0.1128,9.6167,-9.4999,0.0055,4
549,18.3000,0.1039,0.0106,0.1027,0.8483,0.0654,0.1107,9.4546,-9.3386,0.0915,4
550,18.3333,0.0524,-0.0038,0.0485,0.8350,0.0495,0.1110,9.3915,-9.2072,0.0860,4
551,18.3667,0.0911,0.0173,0.0879,0.8267,0.0586,0.1139,9.4526,-9.3959,0.0012,3
552,18.4000,0.1079,0.0079,0.1062,0.8383,0.0650,0.1134,9.5225,-9.4132,0.0421,3
553,18.4333,0.0741,0.0001,0.0728,0.8400,0.0631,0.1095,9.3314,-9.2322,0.1426,4
554,18.4667,0.0551,0.0292,0.0399,0.8383,0.0505,0.1091,9.4940,-9.4026,0.1070,2
555,18.5000,0.0675,0.0405,0.0387,0.8267,0.0507,0.1124,9.5610,-9.4995,0.1096,2
556,18.5333,0.0880,0.0498,0.0462,0.8317,0.0597,0.1139,9.8021,-9.7649,0.0018,2
557,18.5667,0.0234,0.0089,0.0189,0.8283,0.0278,0.1142,9.8834,-9.8510,0.1055,2
558,18.6000,0.0670,0.0545,0.0200,0.8314,0.0570,0.1127,9.6441,-9.5936,-0.0130,2
559,18.6333,0.0549,0.0441,0.0141,0.8392,0.0463,0.1094,9.7271,-9.6635,0.0765,2
560,18.6667,0.0510,0.0395,0.0017,0.8384,0.0431,0.1103,9.7577,-9.6958,0.0883,2
561,18.7000,0.0182,0.0111,-0.0034,0.8531,0.0262,0.1061,9.8883,-9.8337,0.1504,2
562,18.7333,0.0749,0.0642,-0.0229,0.8483,0.0604,0.1028,9.9321,-9.8939,0.0883,2
563,18.7667,0.0969,0.0891,-0.0249,0.8500,0.0571,0.1033,9.8273,-9.7514,0.2333,2
564,18.8000,0.1030,0.0877,-0.0436,0.8557,0.0635,0.1004,9.6640,-9.6156,0.1042,2
565,18.8333,0.0741,0.0576,-0.0435,0.8514,0.0609,0.0988,9.5177,-9.4677,0.0511,2
566,18.8667,0.0761,0.0509,-0.0570,0.8564,0.0620,0.0975,9.7408,-9.6288,0.0579,3
567,18.9000,0.0745,0.0469,-0.0541,0.8600,0.0561,0.0918,9.2710,-9.1816,0.1170,2
568,18.9333,0.0741,0.0431,-0.0548,0.8533,0.0542,0.0950,9.6943,-9.6567,0.1323,3
569,18.9667,0.0448,0.0159,-0.0394,0.8733,0.0455,0.0922,9.8093,-9.7115,0.1155,2
570,19.0000,0.0935,0.0431,-0.0814,0.8667,0.0882,0.0944,9.9922,-9.9449,0.0819,2
571,19.0333,0.1190,0.0414,-0.1116,0.8733,0.0781,0.0908,9.3538,-9.2606,0.1928,2
572,19.0667,0.1140,0.0475,-0.0989,0.8667,0.0599,0.0864,9.5024,-9.3821,0.2345,2
573,19.1000,0.1311,0.0395,-0.1164,0.8731,0.0656,0.0877,9.5501,-9.4290,0.1576,2
574,19.1333,0.1023,0.0438,-0.0935,0.8717,0.0695,0.0898,9.6337,-9.5870,0.0920,2
575,19.1667,0.0516,0.0210,-0.0421,0.8754,0.0503,0.0887,9.7740,-9.7314,0.0700,2
576,19.2000,0.1557,0.0882,-0.1231,0.8748,0.0820,0.0869,9.2156,-9.1555,0.2000,2
577,19.2333,0.1405,0.0804,-0.1122,0.8698,0.0699,0.0845,9.3631,-9.3245,0.1465,3
578,19.2667,0.0905,0.0577,-0.0715,0.8767,0.0766,0.0878,9.6053,-9.5770,0.1059,2
579,19.3000,0.0760,0.0106,-0.0745,0.8900,0.0731,0.0831,9.4928,-9.4092,0.1160,2
580,19.3333,0.1200,0.0356,-0.1133,0.8733,0.0890,0.0837,9.4090,-9.2731,0.1214,2
581,19.3667,0.1157,0.0676,-0.0833,0.8800,0.0957,0.0818,9.7042,-9.6656,0.0985,2
582,19.4000,0.0488,0.0086,-0.0479,0.8833,0.0538,0.0841,9.5592,-9.5080,0.0802,2
583,19.4333,0.1762,0.0709,-0.1615,0.8850,0.0765,0.0823,9.4725,-9.4134,0.1340,2
584,19.4667,0.1388,0.0546,-0.1257,0.8867,0.0775,0.0788,9.5330,-9.4677,0.1187,2
585,19.5000,0.1445,0.0650,-0.1266,0.8867,0.0870,0.0759,9.7034,-9.6688,0.1446,2
586,19.5333,0.0454,0.0152,-0.0440,0.8833,0.0459,0.0749,9.6262,-9.5992,0.0254,2
587,19.5667,0.1064,0.0474,-0.0956,0.8833,0.0718,0.0753,9.5498,-9.5245,0.1142,2
588,19.6000,0.1067,0.0467,-0.0957,0.8817,0.0641,0.0749,9.3310,-9.3107,0.1169,2
589,19.6333,0.1095,0.0508,-0.0976,0.8833,0.0663,0.0723,9.4301,-9.4017,0.1492,2
590,19.6667,0.0900,0.0383,-0.0800,0.8829,0.0679,0.0718,9.6872,-9.6593,0.0824,2
591,19.7000,0.0666,0.0045,-0.0662,0.8932,0.0610,0.0677,9.5586,-9.4720,0.2074,2
592,19.7333,0.0271,0.0029,-0.0269,0.8933,0.0327,0.0663,9.5148,-9.4930,0.0907,2
593,19.7667,0.0462,0.0054,-0.0449,0.8881,0.0453,0.0653,9.6196,-9.5964,0.1377,2
594,19.8000,0.1223,0.0192,-0.1191,0.8950,0.0760,0.0641,9.6937,-9.6756,0.1279,3
595,19.8333,0.0815,0.0065,-0.0811,0.8998,0.0626,0.0631,9.5144,-9.4888,0.1526,3
596,19.8667,0.1027,0.0285,-0.0988,0.8915,0.0768,0.0616,9.5948,-9.5661,0.1356,3
597,19.9000,0.0542,0.0054,-0.0506,0.8982,0.0505,0.0586,9.5004,-9.4716,0.1081,3
598,19.9333,0.0382,0.0137,-0.0342,0.9130,0.0435,0.0552,9.4150,-9.3827,0.0677,3
599,19.9667,0.0832,0.0395,-0.0741,0.9097,0.0727,0.0544,9.2829,-9.2155,0.1546,3
600,20.0000,0.0383,0.0084,-0.0365,0.9149,0.0402,0.0528,9.0123,-8.8571,0.1962,3
601,20.0333,0.0871,0.0589,-0.0630,0.9207,0.0646,0.0553,9.5872,-9.4348,0.0982,3
602,20.0667,0.0338,0.0190,-0.0276,0.9316,0.0344,0.0458,8.9753,-8.7246,0.1144,3
603,20.1000,0.0230,0.0146,-0.0154,0.9264,0.0238,0.0454,9.5409,-9.4033,-0.0487,3
604,20.1333,0.0315,0.0205,-0.0239,0.9316,0.0317,0.0438,9.2057,-9.1267,-0.0979,3
605,20.1667,0.0497,0.0494,0.0028,0.9233,0.0439,0.0451,9.0008,-8.9037,-0.0336,4
606,20.2000,0.0787,0.0785,0.0053,0.9316,0.0508,0.0412,8.7913,-8.6671,0.0518,3
607,20.2333,0.0583,0.0582,-0.0023,0.9283,0.0458,0.0412,8.6725,-8.4680,0.0636,4
608,20.2667,0.0417,0.0414,-0.0064,0.9317,0.0393,0.0381,8.9758,-8.8612,0.0485,4
609,20.3000,0.0116,-0.0028,-0.0039,0.9450,0.0157,0.0358,8.6198,-8.4298,-0.0247,4
610,20.3333,0.0132,0.0038,0.0099,0.9533,0.0166,0.0329,9.0475,-8.8795,-0.0095,3
611,20.3667,0.0497,0.0211,0.0367,0.9517,0.0418,0.0341,9.1005,-8.9530,-0.0063,3
612,20.4000,0.0832,0.0375,0.0787,0.9467,0.0615,0.0344,8.9297,-8.7737,-0.0407,3
613,20.4333,0.0571,0.0205,0.0517,0.9483,0.0533,0.0337,8.7637,-8.5866,-0.1199,2
614,20.4667,0.0613,0.0307,0.0521,0.9450,0.0497,0.0335,8.7951,-8.5888,-0.1725,2
615,20.5000,0.0963,0.0412,0.0853,0.9483,0.0712,0.0333,8.5924,-8.3667,-0.1737,2
616,20.5333,0.1193,0.0421,0.1125,0.9450,0.0668,0.0343,8.5412,-8.2627,-0.0645,2
617,20.5667,0.0791,0.0313,0.0690,0.9433,0.0608,0.0362,8.6461,-8.4455,-0.0601,2
618,20.6000,0.0894,0.0277,0.0836,0.9417,0.0748,0.0363,8.9923,-8.9009,0.0447,2
619,20.6333,0.1251,0.0415,0.1190,0.9383,0.0929,0.0376,9.0280,-8.8996,0.0614,2
620,20.6667,0.1036,0.0055,0.1032,0.9400,0.0891,0.0387,8.9703,-8.8724,-0.0103,2
621,20.7000,0.1177,0.0179,0.1156,0.9383,0.0846,0.0402,8.8086,-8.7071,0.0440,2
622,20.7333,0.0996,0.0127,0.0986,0.9450,0.0812,0.0397,8.7899,-8.6564,0.0605,2
623,20.7667,0.1302,0.0205,0.1212,0.9333,0.0958,0.0410,8.6249,-8.5410,0.0709,2
624,20.8000,0.1186,0.0254,0.1119,0.9450,0.0957,0.0412,8.7818,-8.7122,0.0980,2
625,20.8333,0.1226,0.0178,0.1208,0.9333,0.0896,0.0400,8.8126,-8.7416,0.0825,2
626,20.8667,0.1343,0.0013,0.1337,0.9333,0.0979,0.0423,8.8491,-8.7984,0.0005,2
627,20.9000,0.1370,0.0038,0.1357,0.9367,0.0877,0.0417,9.0147,-8.9728,0.0852,2
628,20.9333,0.1652,0.0040,0.1627,0.9383,0.0613,0.0416,9.0130,-8.9794,0.0331,2
629,20.9667,0.1607,0.0103,0.1597,0.9317,0.0536,0.0420,9.0839,-9.0630,0.0358,2
630,21.0000,0.1706,0.0042,0.1697,0.9267,0.0687,0.0419,9.3610,-9.3408,-0.0330,2
631,21.0333,0.0984,0.0084,0.0966,0.9450,0.0693,0.0426,8.9212,-8.8684,0.1025,2
632,21.0667,0.1416,-0.0034,0.1409,0.9433,0.0764,0.0414,8.7196,-8.6432,0.0530,2
633,21.1000,0.1779,-0.0105,0.1775,0.9417,0.0654,0.0394,8.8879,-8.8100,0.1032,2
634,21.1333,0.1610,-0.0011,0.1599,0.9500,0.0626,0.0381,8.7253,-8.6540,0.0338,2
635,21.1667,0.1598,0.0010,0.1596,0.9400,0.0630,0.0373,8.5794,-8.4755,0.2166,2
636,21.2000,0.1549,0.0372,0.1466,0.9517,0.0773,0.0335,8.5098,-8.4719,0.0745,2
637,21.2333,0.1830,0.0370,0.1758,0.9483,0.0722,0.0321,8.7738,-8.7442,0.0755,2
638,21.2667,0.1608,0.0330,0.1534,0.9517,0.0663,0.0325,8.7756,-8.7187,0.0255,2
639,21.3000,0.1738,0.0363,0.1690,0.9500,0.0698,0.0331,8.6260,-8.5593,-0.0017,2
640,21.3333,0.1572,0.0420,0.1121,0.9517,0.0750,0.0312,8.4610,-8.3501,0.0866,2
641,21.3667,0.2192,0.0552,0.2101,0.9517,0.0863,0.0287,8.4321,-8.3496,0.0288,2
642,21.4000,0.2068,0.0661,0.1776,0.9617,0.0852,0.0246,8.4290,-8.3203,-0.0542,2
643,21.4333,0.1246,0.0517,0.1086,0.9650,0.0839,0.0244,8.1787,-8.0178,0.0566,2
644,21.4667,0.1317,0.0524,0.1110,0.9650,0.1051,0.0255,7.8745,-7.7342,0.0512,2
645,21.5000,0.1533,0.0436,0.1463,0.9600,0.0901,0.0251,8.0697,-7.9024,0.0622,2
646,21.5333,0.2252,0.0851,0.2093,0.9617,0.0860,0.0225,8.0256,-7.9743,0.0054,2
647,21.5667,0.2043,0.0978,0.1770,0.9650,0.0873,0.0203,7.4769,-7.3534,0.0339,2
648,21.6000,0.0946,0.0401,0.0851,0.9700,0.0657,0.0188,7.4233,-7.3489,0.0822,2
649,21.6333,0.1221,0.0677,0.1069,0.9650,0.1032,0.0192,7.2593,-7.1013,0.0324,2
650,21.6667,0.1586,0.0442,0.1520,0.9717,0.1126,0.0198,7.4577,-7.3526,0.1207,2
651,21.7000,0.1437,0.0884,0.1172,0.9683,0.0953,0.0192,7.9705,-7.7765,-0.0367,2
652,21.7333,0.2287,0.1325,0.1776,0.9700,0.0871,0.0189,7.9793,-7.8695,0.0688,1
653,21.7667,0.1802,0.0758,0.1623,0.9733,0.0922,0.0186,7.7954,-7.6696,0.1239,2
654,21.8000,0.1050,0.0505,0.0943,0.9783,0.0798,0.0207,8.0838,-7.9714,0.1440,2
655,21.8333,0.1208,0.0673,0.0784,0.9717,0.0888,0.0214,8.0155,-7.8903,0.1360,2
656,21.8667,0.1731,0.1329,0.1038,0.9667,0.1248,0.0208,7.9081,-7.7570,0.1037,2
657,21.9000,0.1529,0.0535,0.1440,0.9667,0.1082,0.0221,8.2565,-8.1824,0.0655,2
658,21.9333,0.0933,0.0663,0.0598,0.9650,0.0815,0.0223,8.1189,-8.0693,0.0276,2
659,21.9667,0.1559,0.1241,0.0732,0.9567,0.1022,0.0222,8.0853,-8.0088,0.0490,2
660,22.0000,0.1816,0.1348,0.1165,0.9583,0.0733,0.0223,8.1304,-8.0148,0.0236,2
661,22.0333,0.1643,0.1304,0.0951,0.9567,0.0715,0.0234,7.9490,-7.8140,-0.0181,2
662,22.0667,0.2155,0.1896,0.0767,0.9550,0.0927,0.0251,8.0221,-7.8905,0.0841,2
663,22.1000,0.0670,0.0568,0.0316,0.9617,0.0580,0.0245,7.9446,-7.7626,0.1246,2
664,22.1333,0.0708,0.0545,0.0375,0.9450,0.0631,0.0271,7.8587,-7.5077,0.0694,2
665,22.1667,0.1910,0.1653,0.0662,0.9483,0.1092,0.0272,8.0861,-7.9559,0.1279,3
666,22.2000,0.0859,0.0787,0.0282,0.9550,0.0679,0.0274,8.1203,-7.9948,0.0855,2
667,22.2333,0.1651,0.1575,0.0330,0.9517,0.1022,0.0293,8.3429,-8.1806,0.0302,2
668,22.2667,0.1103,0.1012,0.0238,0.9433,0.0817,0.0291,8.2601,-8.0194,-0.0144,2
669,22.3000,0.1486,0.1407,0.0175,0.9550,0.1035,0.0294,8.1681,-7.9298,0.0041,2
670,22.3333,0.1165,0.1091,0.0165,0.9483,0.0933,0.0306,7.9380,-7.6913,-0.0291,2
671,22.3667,0.1149,0.1093,0.0255,0.9533,0.0781,0.0302,7.8297,-7.5530,-0.0689,2
672,22.4000,0.1633,0.1521,0.0281,0.9517,0.0761,0.0313,7.9115,-7.6570,0.1178,2
673,22.4333,0.1675,0.1522,0.0218,0.9483,0.0710,0.0313,8.0436,-7.7893,-0.0227,2
674,22.4667,0.0844,0.0789,0.0059,0.9433,0.0691,0.0315,7.6900,-7.2900,-0.0476,2
675,22.5000,0.1320,0.1296,-0.0111,0.9517,0.0949,0.0304,7.7762,-7.5435,0.0237,2
676,22.5333,0.1049,0.1012,-0.0130,0.9533,0.0841,0.0291,7.5495,-7.4108,0.0354,2
677,22.5667,0.1421,0.1257,-0.0412,0.9483,0.0920,0.0292,7.9686,-7.7690,0.0055,2
678,22.6000,0.1367,0.1323,-0.0356,0.9417,0.1062,0.0301,7.8575,-7.6579,0.1399,2
679,22.6333,0.1115,0.1064,-0.0446,0.9550,0.1028,0.0297,8.1114,-8.0236,0.1156,2
680,22.6667,0.1680,0.1585,-0.0361,0.9450,0.1038,0.0290,8.1035,-8.0545,0.0654,2
681,22.7000,0.1212,0.1177,-0.0252,0.9500,0.0972,0.0298,8.0118,-7.9230,0.0302,2
682,22.7333,0.1613,0.1503,-0.0371,0.9483,0.1039,0.0278,8.3097,-8.2391,0.0629,2
683,22.7667,0.0944,0.0904,-0.0269,0.9533,0.0887,0.0280,8.2120,-8.1306,0.1103,2
684,22.8000,0.1226,0.1074,-0.0606,0.9533,0.1078,0.0270,7.9995,-7.8755,0.1589,2
685,22.8333,0.1415,0.1105,-0.0888,0.9617,0.1036,0.0258,7.9087,-7.7877,0.1098,2
686,22.8667,0.1760,0.1635,-0.0616,0.9633,0.1208,0.0248,8.0153,-7.9436,0.0222,3
687,22.9000,0.0743,0.0598,-0.0433,0.9567,0.0731,0.0247,8.1018,-8.0432,0.1496,2
688,22.9333,0.1203,0.0864,-0.0822,0.9583,0.0935,0.0257,8.2468,-8.2103,0.1200,2
689,22.9667,0.1449,0.1212,-0.0835,0.9550,0.1048,0.0256,8.3149,-8.2868,0.1662,2
690,23.0000,0.0932,0.0826,-0.0434,0.9600,0.0823,0.0232,8.3602,-8.3196,0.2384,2
691,23.0333,0.1617,0.1189,-0.1031,0.9583,0.1131,0.0240,8.5155,-8.4906,0.2370,2
692,23.0667,0.0986,0.0639,-0.0696,0.9567,0.0901,0.0253,8.5846,-8.5583,0.2039,2
693,23.1000,0.0956,0.0522,-0.0769,0.9583,0.0874,0.0251,8.8316,-8.7856,0.1835,2
694,23.1333,0.1592,0.1205,-0.1100,0.9567,0.1185,0.0243,8.9190,-8.9015,0.0778,1
695,23.1667,0.0983,0.0520,-0.0820,0.9583,0.0878,0.0254,8.5754,-8.5432,0.2552,1
696,23.2000,0.1049,0.0724,-0.0715,0.9617,0.0947,0.0243,8.3434,-8.3194,0.1258,1
697,23.2333,0.1232,0.0489,-0.1094,0.9667,0.0990,0.0235,8.5168,-8.4842,0.0899,1
698,23.2667,0.1384,0.0385,-0.1331,0.9700,0.1023,0.0218,8.7508,-8.7209,0.1710,1
699,23.3000,0.1266,0.0418,-0.1195,0.9667,0.0992,0.0209,8.4323,-8.4072,0.1957,1
700,23.3333,0.0683,0.0457,-0.0484,0.9683,0.0619,0.0197,8.7503,-8.7317,0.1166,1
701,23.3667,0.1337,0.0536,-0.1216,0.9733,0.1043,0.0202,8.9327,-8.9164,0.1117,1
702,23.4000,0.0674,0.0332,-0.0575,0.9717,0.0661,0.0211,8.7078,-8.6639,0.0031,1
703,23.4333,0.1208,0.0729,-0.0976,0.9767,0.0956,0.0214,8.6607,-8.6312,0.0756,1
704,23.4667,0.0891,0.0339,-0.0830,0.9683,0.0792,0.0201,8.8215,-8.7903,0.1186,1
705,23.5000,0.1136,0.0154,-0.1115,0.9750,0.0865,0.0190,8.4882,-8.4476,0.1555,1
706,23.5333,0.0863,0.0452,-0.0710,0.9750,0.0763,0.0168,8.6106,-8.5775,0.0404,1
707,23.5667,0.1306,0.0496,-0.1245,0.9783,0.0983,0.0176,8.4697,-8.4218,0.1140,1
708,23.6000,0.0969,0.0260,-0.0932,0.9717,0.0817,0.0186,8.1493,-8.0971,0.0133,1
709,23.6333,0.1087,0.0333,-0.1020,0.9717,0.0839,0.0188,7.7856,-7.6726,0.0041,1
710,23.6667,0.1114,0.0777,-0.0806,0.9750,0.0806,0.0186,8.0887,-8.0006,0.0275,1
711,23.7000,0.0898,0.0559,-0.0681,0.9733,0.0771,0.0183,8.2615,-8.2219,0.0195,1
712,23.7333,0.1016,-0.0123,-0.0983,0.9717,0.0829,0.0182,8.1382,-8.0758,0.0136,1
713,23.7667,0.0647,0.0363,-0.0435,0.9717,0.0676,0.0175,8.3702,-8.2854,0.0682,1
714,23.8000,0.0695,0.0225,-0.0627,0.9700,0.0604,0.0185,7.9333,-7.8914,0.0736,1
715,23.8333,0.0966,0.0243,-0.0939,0.9683,0.0776,0.0182,8.0765,-8.0159,0.0598,1
716,23.8667,0.0602,0.0302,-0.0464,0.9717,0.0593,0.0184,7.8782,-7.7889,0.0525,1
717,23.9000,0.0649,0.0265,-0.0539,0.9700,0.0604,0.0185,8.1754,-8.1150,0.0977,1
718,23.9333,0.0469,-0.0048,-0.0423,0.9733,0.0431,0.0188,7.8048,-7.7184,0.1033,1
719,23.9667,0.0392,0.0043,-0.0328,0.9717,0.0382,0.0172,7.4620,-7.2647,0.0930,1
720,24.0000,0.0581,-0.0016,-0.0528,0.9700,0.0474,0.0182,7.3067,-7.1148,0.0472,1
721,24.0333,0.0524,-0.0034,-0.0398,0.9683,0.0538,0.0189,7.9083,-7.7729,-0.0301,2
722,24.0667,0.0599,-0.0232,-0.0475,0.9633,0.0540,0.0210,8.3213,-8.2465,-0.0096,2
723,24.1000,0.0533,-0.0121,-0.0448,0.9650,0.0531,0.0221,8.5138,-8.4720,0.0100,2
724,24.1333,0.0344,-0.0095,-0.0202,0.9633,0.0378,0.0214,8.4631,-8.4277,0.1212,2
725,24.1667,0.0527,-0.0463,-0.0147,0.9600,0.0607,0.0230,8.2244,-8.1620,0.0422,2
726,24.2000,0.0572,-0.0396,-0.0385,0.9517,0.0612,0.0251,8.2966,-8.2120,-0.0029,2
727,24.2333,0.0891,-0.0788,-0.0361,0.9567,0.0780,0.0264,8.3883,-8.2519,0.0469,2
728,24.2667,0.0532,-0.0339,-0.0177,0.9483,0.0522,0.0277,8.3796,-8.2827,0.1157,2
729,24.3000,0.0706,-0.0512,-0.0508,0.9467,0.0700,0.0286,8.3083,-8.2322,0.1582,2
730,24.3333,0.0481,-0.0208,-0.0188,0.9483,0.0484,0.0299,8.4646,-8.3718,0.0752,2
731,24.3667,0.0814,-0.0438,-0.0571,0.9417,0.0808,0.0315,8.4917,-8.4352,0.0533,2
732,24.4000,0.0372,-0.0123,-0.0153,0.9450,0.0429,0.0310,8.3430,-8.3123,0.0145,2
733,24.4333,0.0793,-0.0574,-0.0401,0.9450,0.0731,0.0340,8.4800,-8.4312,0.0685,2
734,24.4667,0.0458,-0.0303,-0.0243,0.9500,0.0484,0.0326,8.4579,-8.3048,0.0732,2
735,24.5000,0.0467,-0.0284,-0.0223,0.9550,0.0504,0.0323,8.4180,-8.3271,0.0515,2
736,24.5333,0.0277,-0.0201,0.0044,0.9483,0.0446,0.0334,8.1311,-7.9932,-0.0046,2
737,24.5667,0.0267,-0.0121,-0.0013,0.9400,0.0319,0.0331,7.9299,-7.7832,0.0002,2
738,24.6000,0.0412,-0.0251,0.0099,0.9483,0.0530,0.0317,7.9298,-7.7656,0.0001,2
739,24.6333,0.0344,-0.0181,0.0085,0.9517,0.0385,0.0300,7.8127,-7.6528,0.0476,3
740,24.6667,0.0340,-0.0145,-0.0061,0.9483,0.0400,0.0285,7.9609,-7.7531,0.1731,2
741,24.7000,0.0308,-0.0137,-0.0034,0.9483,0.0342,0.0286,8.1706,-7.9393,0.0610,2
742,24.7333,0.0382,-0.0195,0.0058,0.9583,0.0451,0.0282,8.1688,-8.0169,0.0887,2
743,24.7667,0.0332,-0.0176,0.0005,0.9517,0.0360,0.0300,7.9650,-7.8132,-0.0083,2
744,24.8000,0.0416,-0.0245,0.0034,0.9517,0.0457,0.0289,8.0269,-7.9017,0.1252,2
745,24.8333,0.0329,-0.0095,0.0078,0.9533,0.0364,0.0297,7.8581,-7.6294,0.2275,2
746,24.8667,0.0250,0.0001,-0.0004,0.9500,0.0267,0.0291,7.7909,-7.6376,0.0943,2
747,24.9000,0.0274,0.0074,0.0024,0.9583,0.0287,0.0254,7.9896,-7.8550,0.2141,3
748,24.9333,0.0279,-0.0024,0.0033,0.9533,0.0283,0.0253,8.1522,-8.0477,0.2343,2
749,24.9667,0.0665,-0.0250,0.0394,0.9600,0.0959,0.0249,8.1021,-7.9490,0.0215,2
750,25.0000,0.0257,-0.0017,0.0068,0.9567,0.0285,0.0255,7.8643,-7.7105,0.1364,2
751,25.0333,0.0218,0.0042,0.0017,0.9550,0.0259,0.0249,7.6651,-7.4504,0.2251,2
752,25.0667,0.0260,-0.0026,0.0065,0.9600,0.0313,0.0228,7.8080,-7.5921,0.2200,2
753,25.1000,0.0322,0.0014,0.0047,0.9567,0.0368,0.0210,8.2144,-8.1316,0.1058,2
754,25.1333,0.0300,0.0214,0.0059,0.9650,0.0453,0.0221,8.5283,-8.4876,0.1005,2
755,25.1667,0.0239,0.0134,0.0013,0.9583,0.0362,0.0222,8.3692,-8.3417,0.0450,2
756,25.2000,0.0355,0.0307,-0.0013,0.9633,0.0383,0.0234,8.6438,-8.6250,0.1201,2
757,25.2333,0.0340,0.0226,-0.0017,0.9650,0.0430,0.0214,9.1194,-9.0920,0.1809,1
758,25.2667,0.0559,0.0416,-0.0158,0.9650,0.0566,0.0226,8.9028,-8.8776,0.0682,1
759,25.3000,0.0237,0.0120,-0.0049,0.9617,0.0330,0.0237,9.1794,-9.1574,0.1569,1
760,25.3333,0.0444,0.0321,-0.0060,0.9633,0.0451,0.0238,9.2569,-9.2404,0.0405,1
761,25.3667,0.0464,0.0347,-0.0128,0.9600,0.0505,0.0222,9.0939,-9.0791,0.0921,1
762,25.4000,0.0301,0.0173,-0.0078,0.9667,0.0401,0.0224,8.7135,-8.6948,0.0437,1
763,25.4333,0.0496,0.0450,0.0040,0.9700,0.0538,0.0211,8.8278,-8.7910,0.1748,1
764,25.4667,0.0586,0.0552,-0.0043,0.9717,0.0503,0.0206,9.0191,-8.9917,0.1392,1
765,25.5000,0.1116,0.1048,-0.0356,0.9683,0.0818,0.0202,8.8315,-8.8092,0.1415,1
766,25.5333,0.0819,0.0565,-0.0478,0.9700,0.0597,0.0185,8.9638,-8.9431,0.1222,1
767,25.5667,0.0652,0.0443,-0.0363,0.9717,0.0552,0.0183,9.1120,-9.0915,0.0110,1
768,25.6000,0.0507,0.0410,-0.0224,0.9700,0.0458,0.0210,8.7905,-8.7539,0.0243,1
769,25.6333,0.0615,0.0515,-0.0192,0.9733,0.0553,0.0215,8.9321,-8.9239,0.0591,1
770,25.6667,0.0457,0.0164,-0.0348,0.9683,0.0564,0.0195,8.9357,-8.9158,0.1557,1
771,25.7000,0.0923,0.0662,-0.0562,0.9767,0.0750,0.0172,8.7861,-8.7459,0.0875,1
772,25.7333,0.0621,0.0450,-0.0260,0.9750,0.0613,0.0172,9.0647,-9.0490,0.0826,1
773,25.7667,0.0427,0.0331,-0.0172,0.9767,0.0476,0.0165,8.6645,-8.6160,0.0475,1
774,25.8000,0.0626,0.0540,-0.0343,0.9750,0.0600,0.0188,8.4702,-8.4190,0.0422,1
775,25.8333,0.0780,0.0603,-0.0459,0.9733,0.0752,0.0182,8.4709,-8.4322,0.1229,1
776,25.8667,0.1345,0.1260,-0.0330,0.9733,0.0971,0.0187,8.0827,-8.0170,0.0167,1
777,25.9000,0.0475,0.0366,-0.0104,0.9717,0.0494,0.0202,8.8528,-8.8312,0.0639,1
778,25.9333,0.0605,0.0474,-0.0426,0.9733,0.0630,0.0209,8.5564,-8.5014,-0.0225,1
779,25.9667,0.0913,0.0655,-0.0689,0.9717,0.0818,0.0182,8.5637,-8.5081,0.0105,1
780,26.0000,0.0659,0.0351,-0.0490,0.9767,0.0727,0.0190,8.4979,-8.4598,-0.0207,1
781,26.0333,0.0470,0.0319,-0.0219,0.9750,0.0506,0.0165,8.5287,-8.4836,-0.0319,1
782,26.0667,0.0836,0.0633,-0.0488,0.9767,0.0721,0.0164,8.9189,-8.8238,0.0103,1
783,26.1000,0.0375,0.0179,-0.0209,0.9717,0.0441,0.0165,8.6077,-8.5719,0.0031,1
784,26.1333,0.0299,0.0202,-0.0085,0.9667,0.0326,0.0165,8.5585,-8.5160,0.0373,1
785,26.1667,0.0488,0.0271,-0.0291,0.9733,0.0504,0.0166,8.1175,-7.9529,0.0735,1
786,26.2000,0.0472,0.0314,-0.0174,0.9783,0.0505,0.0178,8.2602,-8.1561,-0.0368,1
787,26.2333,0.0796,0.0551,-0.0512,0.9800,0.0695,0.0182,8.4592,-8.3882,0.0107,1
788,26.2667,0.0301,0.0199,-0.0126,0.9750,0.0360,0.0177,8.5586,-8.5106,0.0007,1
789,26.3000,0.0513,0.0326,-0.0297,0.9750,0.0459,0.0173,8.6053,-8.5724,0.1033,1
790,26.3333,0.0408,0.0278,-0.0323,0.9767,0.0425,0.0173,8.5179,-8.4726,0.0642,1
791,26.3667,0.0473,0.0249,-0.0343,0.9733,0.0502,0.0184,8.4609,-8.3928,0.1197,1
792,26.4000,0.0431,0.0214,-0.0359,0.9800,0.0470,0.0192,8.4547,-8.3806,0.1112,1
793,26.4333,0.0321,0.0116,-0.0246,0.9767,0.0377,0.0201,8.0326,-7.9150,0.2166,2
794,26.4667,0.0320,0.0082,-0.0143,0.9650,0.0346,0.0223,8.3128,-8.2242,0.1953,2
795,26.5000,0.0328,0.0106,-0.0244,0.9667,0.0335,0.0236,8.1456,-8.0622,0.1797,2
796,26.5333,0.0377,0.0103,-0.0293,0.9667,0.0380,0.0247,8.1999,-8.1246,0.0498,2
797,26.5667,0.0255,0.0071,-0.0118,0.9650,0.0310,0.0244,8.4171,-8.3559,0.0458,2
798,26.6000,0.0295,0.0018,-0.0126,0.9600,0.0351,0.0237,8.3894,-8.2829,-0.0655,2
799,26.6333,0.0217,0.0044,-0.0033,0.9633,0.0275,0.0237,8.1684,-8.1162,-0.0013,2
800,26.6667,0.0399,-0.0154,-0.0118,0.9650,0.0479,0.0273,8.7091,-8.6831,0.0747,2
801,26.7000,0.0391,-0.0063,-0.0085,0.9633,0.0431,0.0267,8.8374,-8.7824,0.0548,3
802,26.7333,0.0600,-0.0517,0.0030,0.9550,0.0601,0.0251,8.9932,-8.8724,0.1187,2
803,26.7667,0.0375,-0.0248,-0.0014,0.9650,0.0421,0.0236,8.9842,-8.8456,0.1612,2
804,26.8000,0.0690,-0.0414,-0.0027,0.9617,0.0678,0.0243,8.8113,-8.6380,0.1276,2
805,26.8333,0.0530,-0.0274,-0.0090,0.9500,0.0589,0.0260,8.8404,-8.6072,0.1218,2
806,26.8667,0.0743,-0.0428,0.0262,0.9533,0.0793,0.0279,8.8948,-8.7621,0.1054,3
807,26.9000,0.0619,-0.0488,0.0312,0.9467,0.0683,0.0279,9.1120,-9.0009,0.1211,3
808,26.9333,0.0453,-0.0219,0.0133,0.9450,0.0574,0.0271,9.1656,-8.9795,0.1834,2
809,26.9667,0.0540,-0.0426,0.0042,0.9533,0.0635,0.0245,8.6461,-8.4833,0.0447,3
810,27.0000,0.0376,-0.0281,0.0027,0.9483,0.0451,0.0249,8.7221,-8.4887,-0.0500,3
811,27.0333,0.0848,-0.0658,0.0385,0.9583,0.0696,0.0233,9.0371,-8.8148,0.0548,2
812,27.0667,0.0784,-0.0620,0.0532,0.9583,0.0700,0.0223,9.0492,-8.5290,-0.1674,2
813,27.1000,0.0742,-0.0569,0.0421,0.9583,0.0745,0.0224,9.3759,-8.9213,-0.1206,2
814,27.1333,0.0796,-0.0621,0.0405,0.9517,0.0747,0.0236,9.3708,-9.1179,0.0051,2
815,27.1667,0.0596,-0.0214,0.0176,0.9483,0.0719,0.0241,9.4490,-9.1573,-0.0166,2
816,27.2000,0.1260,-0.1045,0.0651,0.9533,0.1149,0.0232,9.3667,-9.1965,0.0300,2
817,27.2333,0.0781,-0.0714,0.0273,0.9617,0.0830,0.0227,9.6211,-9.5791,0.0817,1
818,27.2667,0.0844,-0.0674,0.0408,0.9567,0.0892,0.0244,9.5765,-9.5176,0.0212,1
819,27.3000,0.1147,-0.1067,0.0422,0.9550,0.0988,0.0263,9.7172,-9.6487,0.1116,1
820,27.3333,0.1021,-0.0823,0.0203,0.9633,0.0998,0.0233,9.4471,-9.4023,0.0918,1
821,27.3667,0.0995,-0.0947,0.0173,0.9650,0.0991,0.0224,9.3160,-9.2445,0.0673,1
822,27.4000,0.0854,-0.0514,0.0600,0.9650,0.0940,0.0225,9.5155,-9.4564,0.0660,1
823,27.4333,0.1254,-0.0869,0.0662,0.9617,0.1113,0.0230,9.5432,-9.4202,0.2002,1
824,27.4667,0.1007,-0.0927,0.0143,0.9633,0.1027,0.0227,9.8254,-9.7389,0.1470,1
825,27.5000,0.0980,-0.0756,0.0415,0.9600,0.1020,0.0250,9.5240,-9.4790,0.1095,1
826,27.5333,0.0904,-0.0612,0.0709,0.9583,0.0971,0.0256,9.6460,-9.5453,0.0622,1
827,27.5667,0.0953,-0.0677,0.0556,0.9617,0.0965,0.0270,9.7953,-9.7727,0.1494,1
828,27.6000,0.0867,-0.0615,0.0369,0.9633,0.0877,0.0269,9.7589,-9.7339,0.0383,1
829,27.6333,0.0903,-0.0774,0.0357,0.9617,0.0892,0.0268,9.6997,-9.6000,0.0103,1
830,27.6667,0.1280,-0.0905,0.1090,0.9617,0.1104,0.0283,9.8289,-9.7399,0.0950,1
831,27.7000,0.0709,-0.0489,0.0427,0.9617,0.0902,0.0284,9.4039,-9.2017,0.0526,2
832,27.7333,0.1421,-0.1255,0.0605,0.9583,0.1230,0.0277,9.3907,-9.2371,-0.0679,2
833,27.7667,0.0933,-0.0889,0.0415,0.9617,0.0922,0.0294,9.6862,-9.5067,0.0664,2
834,27.8000,0.0981,-0.0785,0.0228,0.9633,0.1026,0.0285,9.5541,-9.3991,0.1296,2
835,27.8333,0.1153,-0.1125,0.0344,0.9667,0.1014,0.0274,9.1795,-8.8528,0.0919,2
836,27.8667,0.1307,-0.1024,0.0768,0.9667,0.1130,0.0257,9.2638,-8.9583,-0.0311,2
837,27.9000,0.1308,-0.1190,0.0123,0.9650,0.1203,0.0260,9.5143,-9.3041,-0.0215,2
838,27.9333,0.1039,-0.0953,0.0405,0.9650,0.0907,0.0290,8.9962,-8.5255,0.0537,3
839,27.9667,0.1828,-0.1591,0.0841,0.9617,0.1049,0.0283,9.1311,-8.8019,-0.0658,2
840,28.0000,0.1434,-0.1039,0.0587,0.9633,0.0914,0.0242,9.4291,-9.1632,-0.0267,2
841,28.0333,0.0398,-0.0090,0.0142,0.9667,0.0570,0.0260,9.2315,-8.9579,0.0250,2
842,28.0667,0.1346,-0.1165,0.0426,0.9650,0.0961,0.0302,8.8450,-8.4687,0.0379,2
843,28.1000,0.1594,-0.1535,0.0229,0.9600,0.1087,0.0285,8.0865,-7.4574,-0.0111,2
844,28.1333,0.0585,-0.0524,0.0119,0.9650,0.0715,0.0252,9.0918,-8.7064,0.0497,2
845,28.1667,0.1702,-0.0834,0.0107,0.9633,0.1689,0.0245,9.2813,-9.0753,0.0586,2
846,28.2000,0.1437,-0.1420,0.0184,0.9400,0.1030,0.0341,6.5895,-5.2864,0.0069,3
847,28.2333,0.0769,-0.0690,0.0307,0.9617,0.0843,0.0279,8.0017,-7.1771,-0.0087,3
848,28.2667,0.0933,-0.0788,0.0165,0.9617,0.1037,0.0278,8.4412,-7.8261,-0.0398,3
849,28.3000,0.0487,-0.0464,0.0115,0.9400,0.0554,0.0405,6.0944,-4.6779,-0.0505,2
850,28.3333,0.1421,-0.1396,0.0099,0.9400,0.1015,0.0416,6.1830,-4.7170,-0.0129,2
851,28.3667,0.1060,-0.0980,0.0375,0.9367,0.0894,0.0415,5.9563,-4.4323,-0.0541,3
852,28.4000,0.0442,-0.0406,0.0161,0.9467,0.0474,0.0428,5.7037,-4.1074,0.0096,2
853,28.4333,0.1072,-0.1025,0.0277,0.9467,0.0995,0.0379,5.8654,-4.2485,0.0152,2
854,28.4667,0.0722,-0.0591,0.0086,0.9567,0.0824,0.0333,6.5858,-5.2420,-0.0492,5
855,28.5000,0.0743,-0.0731,0.0117,0.9383,0.0719,0.0433,5.8314,-4.1079,-0.0243,2
856,28.5333,0.0735,-0.0726,-0.0054,0.9367,0.0703,0.0423,5.8597,-4.1982,-0.0098,1
857,28.5667,0.0955,-0.0945,-0.0104,0.9300,0.0758,0.0432,5.4708,-3.4998,-0.0518,1
858,28.6000,0.2133,-0.0863,-0.0381,0.9450,0.2036,0.0292,7.3698,-7.0941,0.0680,3
859,28.6333,0.1122,-0.1117,-0.0013,0.9350,0.0756,0.0414,5.4694,-3.5317,-0.0499,1
860,28.6667,0.1009,-0.0974,-0.0130,0.9433,0.0938,0.0413,5.2877,-3.4491,0.0076,1
861,28.7000,0.1518,-0.1512,-0.0104,0.9417,0.0975,0.0415,4.9303,-2.9219,-0.0446,1
862,28.7333,0.0646,-0.0630,-0.0054,0.9400,0.0641,0.0413,4.5657,-2.3666,-0.0841,1
863,28.7667,0.0873,-0.0821,-0.0312,0.9367,0.0789,0.0398,4.6382,-2.4320,-0.0879,1
864,28.8000,0.0829,-0.0796,-0.0088,0.9317,0.0715,0.0403,4.3044,-1.9158,-0.0328,1
865,28.8333,0.1579,-0.1575,-0.0063,0.9433,0.1028,0.0387,4.0983,-1.5002,0.0041,1
866,28.8667,0.0641,-0.0621,-0.0133,0.9433,0.0638,0.0379,4.1163,-1.6111,-0.0585,1
867,28.9000,0.0385,-0.0285,-0.0273,0.9417,0.0553,0.0359,3.8382,-1.1463,0.0346,1
868,28.9333,0.0774,-0.0730,-0.0212,0.9450,0.0690,0.0350,3.4820,-0.5770,-0.0838,2
869,28.9667,0.0969,-0.0903,-0.0307,0.9483,0.0811,0.0343,3.2308,-0.0459,-0.0549,1
870,29.0000,0.0996,-0.0936,-0.0282,0.9500,0.0783,0.0330,3.0015,0.4202,-0.0289,1
871,29.0333,0.0698,-0.0607,-0.0212,0.9500,0.0615,0.0319,2.8191,0.6927,0.0358,1
872,29.0667,0.0881,-0.0847,-0.0127,0.9533,0.0734,0.0334,2.8489,0.8106,-0.0387,1
873,29.1000,0.0803,-0.0751,-0.0209,0.9467,0.0640,0.0336,2.8245,0.8501,-0.0569,1
874,29.1333,0.1014,-0.0751,-0.0660,0.9450,0.0848,0.0332,2.5139,1.2982,0.0092,1
875,29.1667,0.0777,-0.0758,-0.0164,0.9483,0.0745,0.0323,2.2321,1.7943,-0.0197,1
876,29.2000,0.0838,-0.0779,-0.0270,0.9550,0.0751,0.0313,2.1869,2.1438,-0.0109,1
877,29.2333,0.0546,-0.0533,-0.0062,0.9550,0.0578,0.0316,2.1717,2.1600,0.0093,1
878,29.2667,0.1259,-0.1188,-0.0346,0.9567,0.1036,0.0323,2.3006,2.2890,-0.0002,1
879,29.3000,0.1178,-0.1165,-0.0104,0.9533,0.0995,0.0334,2.2844,2.2710,0.0515,1
880,29.3333,0.1258,-0.1154,-0.0516,0.9517,0.1025,0.0318,2.1606,2.1423,0.0480,1
881,29.3667,0.0663,-0.0191,-0.0554,0.9517,0.0598,0.0334,2.3290,2.3135,0.0332,1
882,29.4000,0.0759,-0.0403,-0.0511,0.9500,0.0840,0.0331,2.1903,2.1738,0.0440,2
883,29.4333,0.1548,-0.1459,-0.0442,0.9533,0.1023,0.0345,2.3774,2.3613,0.0375,1
884,29.4667,0.0369,-0.0332,-0.0136,0.9533,0.0415,0.0346,2.2969,2.2743,0.0083,1
885,29.5000,0.0762,-0.0562,-0.0515,0.9550,0.0681,0.0350,2.4221,2.4057,-0.0368,1
886,29.5333,0.1074,-0.1007,-0.0158,0.9500,0.0867,0.0351,2.3370,2.3202,0.0777,1
887,29.5667,0.1292,-0.1074,-0.0535,0.9533,0.1031,0.0356,2.4344,2.4179,0.0102,1
888,29.6000,0.0780,-0.0425,-0.0590,0.9517,0.0743,0.0353,2.3936,2.3772,0.0102,1
889,29.6333,0.0736,-0.0414,-0.0475,0.9500,0.0672,0.0356,2.4222,2.4067,0.0307,1
890,29.6667,0.0808,-0.0659,-0.0436,0.9450,0.0670,0.0366,2.4102,2.3944,0.0447,1
891,29.7000,0.0632,-0.0219,-0.0549,0.9517,0.0607,0.0375,2.4195,2.4040,0.0437,1
892,29.7333,0.1835,-0.0990,-0.1483,0.9433,0.1283,0.0382,2.3993,2.3812,0.0089,1
893,29.7667,0.1130,-0.0865,-0.0648,0.9483,0.1023,0.0394,2.4693,2.4472,0.0080,1
894,29.8000,0.1090,-0.0734,-0.0658,0.9500,0.0950,0.0407,2.4189,2.4009,-0.0628,1
895,29.8333,0.1355,-0.0478,-0.1264,0.9467,0.1247,0.0383,2.2822,2.2639,0.0224,1
896,29.8667,0.1318,-0.1046,-0.0801,0.9417,0.1256,0.0403,2.4523,2.4344,-0.0591,1
897,29.9000,0.1267,-0.0703,-0.1058,0.9350,0.1180,0.0411,2.4094,2.3925,0.0376,1
898,29.9333,0.0766,-0.0301,-0.0689,0.9367,0.0754,0.0409,2.3937,2.3725,-0.0285,2
