x,y,kind,pred_x,pred_y,actual_x,actual_y,ncc_peak,opencv_x,opencv_y,moved_px,err_vs_actual_px,err_vs_opencv_px,lambda_min,reliable
292,302,moving,283.741,302.014,292.004,301.919,0.994,283.680,302.019,0.081,8.263,0.062,340371.992,True
239,302,moving,227.954,301.983,227.972,301.965,0.998,227.953,301.982,11.028,0.025,0.001,183081.281,True
270,253,moving,269.380,252.911,259.828,252.944,0.638,269.304,252.894,10.173,9.552,0.077,229993.980,False
92,313,moving,85.055,313.559,85.544,313.749,0.674,84.973,313.572,6.499,0.524,0.083,316007.418,False
211,233,moving,200.038,232.915,200.002,232.957,0.997,200.038,232.915,10.998,0.055,0.000,177124.611,True
291,286,moving,280.437,286.574,291.006,285.909,0.992,280.275,286.546,0.091,10.590,0.164,251324.562,True
155,314,moving,144.042,313.917,144.150,313.909,0.979,144.043,313.919,10.851,0.108,0.003,121435.488,True
648,289,moving,637.784,289.138,637.973,289.166,0.792,637.859,289.136,10.028,0.191,0.074,154477.809,False
677,275,moving,668.835,273.652,677.007,274.529,0.759,668.728,274.011,0.471,8.218,0.375,206324.548,False
763,265,moving,762.887,267.389,763.116,267.277,0.716,762.883,267.401,2.280,0.255,0.012,110801.288,False
254,206,moving,243.377,205.487,243.602,205.792,0.945,243.388,205.505,10.400,0.380,0.021,100024.703,True
786,271,moving,786.227,273.539,786.155,273.134,0.750,786.233,273.503,2.139,0.412,0.036,117403.774,False
656,301,moving,645.374,300.991,645.367,300.951,0.981,645.389,300.994,10.633,0.041,0.016,142536.708,True
278,272,moving,268.854,271.403,239.946,285.280,0.744,268.867,271.408,40.305,32.066,0.014,136895.952,False
275,297,moving,265.230,297.101,265.075,297.005,0.878,265.252,297.104,9.925,0.183,0.022,133009.012,False
266,310,moving,255.971,309.980,255.941,309.988,0.958,255.981,309.979,10.059,0.031,0.011,52637.223,True
664,282,moving,655.579,281.612,654.542,281.666,0.716,655.680,281.634,9.464,1.038,0.104,136803.260,False
266,215,moving,256.126,214.902,256.268,214.894,0.975,256.132,214.908,9.733,0.142,0.009,76442.599,True
665,267,moving,665.033,266.882,664.995,266.948,0.998,665.032,266.883,0.052,0.076,0.001,99726.749,True
207,270,moving,195.992,269.981,195.989,269.983,1.000,195.993,269.981,11.011,0.004,0.001,145254.122,True
253,300,moving,242.208,300.011,242.165,299.995,0.996,242.204,300.012,10.835,0.046,0.004,49673.256,True
764,309,moving,753.469,309.127,753.286,309.128,0.986,753.463,309.125,10.715,0.183,0.007,43176.259,True
787,309,moving,776.290,308.606,776.218,308.726,0.961,776.303,308.602,10.785,0.140,0.013,44141.431,True
192,293,moving,181.073,293.004,181.055,293.016,0.999,181.075,293.003,10.945,0.021,0.003,82268.614,True
242,205,moving,230.862,204.780,230.970,204.974,0.965,230.840,204.780,11.030,0.222,0.023,68570.730,True
190,223,moving,178.967,222.838,178.943,222.937,0.995,178.965,222.837,11.057,0.102,0.002,53771.651,True
192,308,moving,181.037,307.943,181.056,307.946,0.991,181.024,307.944,10.944,0.019,0.013,70413.938,True
164,259,moving,153.059,258.916,153.024,258.950,0.998,153.059,258.915,10.976,0.049,0.001,101978.040,True
191,262,moving,180.019,261.916,179.933,261.815,0.987,180.020,261.916,11.069,0.133,0.001,74098.212,True
732,260,moving,731.723,259.850,725.620,260.063,0.910,731.793,259.856,6.381,6.107,0.070,34176.707,True
113,128,background,113.060,127.773,113.013,127.855,0.983,113.063,127.771,0.145,0.095,0.003,461502.942,True
55,148,background,55.026,147.860,55.007,147.917,0.993,55.026,147.862,0.084,0.060,0.002,573100.594,True
113,147,background,113.027,146.825,112.994,146.903,0.989,113.031,146.829,0.097,0.085,0.005,373615.541,True
506,60,background,505.989,59.891,506.028,59.946,0.999,505.988,59.891,0.060,0.068,0.001,309332.464,True
505,76,background,504.979,75.888,505.028,75.957,0.999,504.977,75.887,0.052,0.085,0.002,322174.547,True
62,110,background,62.051,109.867,62.028,109.915,0.993,62.048,109.866,0.090,0.053,0.004,521801.980,True
96,165,background,96.064,164.773,96.027,164.845,0.983,96.064,164.770,0.158,0.081,0.003,310256.938,True
487,131,background,487.048,130.814,487.039,130.855,0.996,487.046,130.813,0.151,0.042,0.002,241119.713,True
