frame,bottom_y,speed
0,540,30.486
1,540,26.863
1,449,6.134
2,540,27.115
3,540,28.414
3,373,36.530
3,445,10.938
3,540,21.510
4,540,28.918
4,371,32.047
4,540,33.942
4,456,16.115
5,540,27.209
5,540,35.707
6,540,25.209
6,540,33.306
7,540,24.432
7,540,32.394
8,540,27.866
8,540,22.971
9,540,27.565
10,540,28.166
11,540,28.619
12,540,28.888
13,540,23.723
13,540,32.744
13,376,33.648
14,540,25.661
14,540,30.470
14,372,25.166
14,387,24.198
15,540,26.901
15,540,33.525
16,540,27.627
16,540,31.888
17,540,24.412
17,380,25.445
17,540,53.854
18,540,23.957
18,376,32.388
18,540,44.209
19,540,22.328
19,371,23.789
19,374,27.580
19,387,33.284
20,540,23.705
20,372,27.880
20,374,26.963
21,540,22.428
21,296,5.505
21,401,21.615
21,371,23.040
22,540,25.545
22,404,27.209
22,373,28.418
22,369,19.593
23,540,25.950
23,387,28.351
24,310,8.292
24,383,29.573
24,540,26.319
25,383,32.769
25,349,12.078
25,540,26.415
25,370,33.791
26,423,13.248
26,292,7.928
26,540,25.844
26,367,33.313
27,540,25.173
27,277,7.079
27,379,32.370
28,540,23.525
28,380,29.524
29,466,18.231
29,540,26.107
30,465,18.593
30,540,23.600
31,453,16.035
31,540,25.022
32,446,16.459
32,540,23.350
33,262,9.404
33,456,18.108
33,474,25.446
33,409,37.898
34,298,9.727
34,460,18.642
34,540,23.200
34,371,39.300
34,420,13.391
35,320,23.723
35,327,9.504
35,540,23.135
35,456,31.740
35,374,38.547
35,409,10.373
36,464,21.784
36,540,23.872
37,464,21.344
37,457,23.964
38,464,23.212
38,422,23.841
39,442,22.019
39,483,20.984
40,449,26.315
40,438,31.284
41,447,28.790
41,298,25.240
42,451,28.862
42,293,22.527
42,445,28.861
43,316,26.432
43,292,18.351
43,447,33.414
43,446,29.716
44,292,24.474
44,452,29.388
45,286,9.302
45,352,27.158
45,458,26.133
45,366,37.301
46,286,10.779
46,444,27.705
47,443,30.060
47,279,4.559
48,442,30.931
48,285,5.572
49,442,27.650
49,285,7.098
49,366,38.479
49,420,21.565
50,444,19.206
50,277,16.860
50,367,38.138
50,407,37.834
51,445,24.623
51,290,13.978
52,445,25.960
52,255,13.099
53,444,24.737
53,247,8.168
54,334,8.593
54,443,28.790
55,333,7.786
55,440,27.164
56,329,7.576
56,437,30.945
57,433,25.619
57,324,6.674
58,362,7.274
58,421,22.256
59,356,31.904
59,322,6.450
59,314,5.790
59,420,22.831
60,327,31.478
60,322,6.415
60,313,5.546
60,432,21.384
61,327,26.164
61,323,6.140
61,414,16.133
62,323,5.949
63,323,6.249
63,313,5.257
64,322,5.770
65,323,5.708
66,320,5.428
67,322,5.404
68,324,5.240
69,325,5.493
70,325,5.237
71,325,5.047
72,323,4.994
73,324,4.894
74,324,4.789
75,320,4.691
76,318,4.606
77,317,4.649
78,318,4.445
79,318,4.506
79,451,13.737
80,319,4.369
80,451,22.462
81,317,4.669
81,309,3.670
81,466,22.347
82,315,4.251
82,540,25.435
83,314,4.282
83,540,24.409
84,314,4.175
84,540,23.583
85,315,4.312
85,540,24.853
86,314,4.161
86,354,14.636
86,540,23.700
87,314,4.175
87,540,20.378
87,436,31.029
88,314,4.427
88,308,3.237
88,540,22.820
88,445,30.761
89,314,4.341
89,307,3.105
89,540,24.805
89,447,30.323
90,314,4.049
90,540,26.218
91,314,3.868
91,540,25.777
92,314,3.893
92,389,22.614
92,540,26.576
92,540,21.158
93,314,3.795
93,386,22.922
93,540,27.029
93,540,24.658
94,314,3.719
94,540,25.304
94,540,20.749
95,313,3.880
95,540,24.260
95,540,29.983
96,312,3.631
96,540,25.141
96,540,24.616
97,313,3.835
97,540,25.415
97,540,24.380
98,312,3.863
98,540,25.620
98,540,26.785
99,313,3.564
99,540,25.148
99,540,31.642
100,312,3.734
100,540,24.795
100,540,28.216
101,312,3.661
101,540,24.050
101,540,23.957
102,312,3.634
102,540,25.076
102,540,22.821
103,311,3.270
103,540,24.723
104,311,3.484
104,540,23.841
105,311,3.621
105,540,23.308
106,310,3.811
106,540,22.766
106,409,26.345
107,310,3.768
107,540,22.365
108,310,3.662
108,540,23.622
108,540,8.944
109,309,3.559
109,540,22.189
109,540,29.186
110,310,4.298
110,540,22.941
110,540,25.785
111,310,4.822
111,540,23.724
111,540,18.758
112,309,4.031
112,540,19.412
112,540,19.284
113,540,20.090
113,309,3.114
114,540,20.455
114,308,3.006
115,540,21.154
115,308,2.839
115,519,27.118
116,540,21.029
116,308,2.811
117,540,20.344
117,308,2.473
118,540,19.523
119,540,20.674
119,540,13.134
120,540,20.544
120,540,17.088
121,540,21.661
121,540,13.581
122,540,21.480
123,540,22.645
123,540,10.885
124,540,23.036
125,540,24.207
125,402,15.094
126,540,22.810
126,408,18.385
127,540,24.686
127,407,20.575
128,540,26.391
128,408,20.559
129,540,27.280
129,406,21.252
130,540,24.221
130,310,14.497
130,410,20.662
130,459,30.216
130,507,37.383
131,309,14.938
131,428,21.476
131,540,24.990
131,405,31.017
131,451,39.003
131,506,36.894
132,428,21.719
132,314,14.715
132,540,25.037
132,496,35.522
132,506,54.218
133,428,22.220
133,314,13.866
133,540,31.956
133,516,47.631
134,429,21.580
134,540,29.188
134,313,14.650
134,401,29.883
134,510,38.298
135,425,21.999
135,411,28.823
135,312,14.107
135,540,32.407
135,518,40.333
136,464,17.451
136,357,12.938
136,540,31.377
136,525,42.536
137,469,20.924
137,540,30.374
137,533,40.853
138,467,19.131
138,540,39.331
139,438,19.020
139,540,34.396
140,446,17.914
140,540,31.712
141,450,17.666
141,540,51.828
142,447,15.464
143,447,15.366
143,316,7.909
144,447,13.004
145,445,15.318
145,430,26.374
145,377,6.038
146,446,15.216
146,430,25.781
147,438,17.873
148,439,17.405
148,430,26.360
149,467,19.335
149,433,14.612
150,471,18.298
151,470,17.151
152,433,21.003
152,379,10.196
152,466,19.435
153,432,16.133
153,447,23.820
154,447,17.884
154,434,22.636
155,447,15.454
155,438,23.792
156,447,20.731
156,447,21.309
156,329,12.584
157,447,21.217
157,448,19.953
157,329,11.744
158,447,23.375
158,447,20.770
158,329,13.969
159,445,22.788
159,446,22.911
159,329,12.923
160,448,23.507
160,432,23.009
160,325,13.006
161,448,22.180
161,441,22.940
161,323,11.984
162,433,23.089
162,448,20.162
162,309,10.096
163,294,19.541
163,433,23.681
163,447,24.257
163,324,14.263
164,434,22.521
164,447,21.598
165,312,22.645
165,446,23.551
165,433,22.554
166,430,22.354
167,445,22.855
167,316,18.909
167,421,23.886
168,448,22.581
168,315,17.801
168,422,37.751
169,448,22.289
169,314,14.079
170,450,23.924
170,311,21.712
171,450,24.187
171,311,24.893
172,451,24.005
172,303,17.542
173,450,23.973
173,303,9.452
174,449,23.555
174,317,22.163
175,447,22.586
175,312,26.754
176,446,23.565
176,385,12.453
177,438,24.591
177,387,16.848
178,425,23.825
178,390,17.317
179,269,24.780
179,343,25.442
179,375,18.176
179,440,25.237
180,358,24.940
180,381,18.166
180,425,18.428
181,362,24.770
181,370,18.326
181,422,17.600
182,371,23.745
182,368,18.681
182,366,23.361
182,418,16.824
183,416,21.729
183,367,18.481
184,356,23.941
184,377,18.246
184,408,19.836
184,407,20.279
185,377,17.957
185,404,20.306
186,397,18.412
187,384,17.917
187,395,20.668
188,390,18.279
188,386,20.592
189,394,18.165
189,385,16.529
190,422,18.020
191,420,16.588
192,420,16.361
193,420,17.499
194,421,16.021
195,421,15.673
196,420,17.361
196,407,19.455
197,421,14.629
197,410,20.501
198,422,15.263
198,409,20.956
199,422,17.012
199,407,20.172
200,422,16.823
200,402,20.837
201,422,16.676
201,396,20.398
202,423,15.338
202,384,19.208
203,422,16.526
203,384,15.750
204,427,16.739
204,387,10.983
205,425,17.338
205,393,18.325
206,426,17.353
207,427,16.844
208,427,16.940
209,427,17.930
210,425,17.265
211,425,18.178
212,422,18.077
213,426,17.067
214,424,17.899
215,424,17.622
216,422,19.431
216,374,20.642
216,423,11.604
217,423,18.218
217,370,20.326
217,421,16.278
218,423,18.324
218,421,16.041
219,424,17.585
220,428,17.517
221,429,17.170
222,429,17.737
223,425,18.885
224,427,18.189
225,423,19.054
226,423,19.239
227,424,18.914
228,423,19.248
229,423,18.219
230,423,18.860
231,423,18.253
232,424,16.559
233,421,16.489
234,422,18.560
235,422,19.292
236,422,19.256
237,359,20.092
237,420,18.345
238,418,19.738
239,360,20.166
239,418,12.966
240,412,18.508
241,416,19.149
242,412,18.469
243,359,19.967
243,412,15.826
244,341,20.026
262,391,11.490
263,396,17.507
264,390,18.904
265,392,19.098
266,394,19.145
267,381,19.622
268,381,19.937
269,392,19.275
270,411,18.807
271,381,19.391
272,380,19.442
273,397,19.158
274,427,18.846
275,428,18.327
276,428,17.249
277,428,17.843
278,429,17.703
279,428,16.933
280,428,16.388
281,310,6.982
281,429,18.119
282,311,18.340
282,427,17.316
283,310,13.837
283,430,17.961
284,310,11.582
284,430,17.870
284,375,21.685
285,431,15.462
285,375,21.526
286,432,15.840
287,372,14.164
287,431,17.259
288,390,14.508
288,428,17.616
289,383,15.987
289,428,18.257
289,396,20.105
290,381,15.731
290,428,16.759
290,423,20.994
291,378,14.444
291,427,16.336
291,427,12.941
292,378,14.412
292,432,16.002
292,428,15.492
293,355,14.879
293,431,18.569
293,427,15.640
294,353,15.486
294,430,18.052
294,426,14.890
295,425,13.835
295,431,18.316
296,423,15.921
296,431,19.130
297,428,16.225
297,428,19.370
298,430,16.217
298,427,19.213
299,431,16.244
300,430,16.821
300,426,19.469
301,429,17.240
301,431,18.071
302,429,16.399
302,430,18.822
303,300,18.567
303,357,18.540
303,373,21.273
303,427,15.050
303,426,14.776
304,361,19.316
304,300,15.234
304,426,16.456
305,428,15.331
305,427,19.701
306,357,18.598
306,372,21.474
306,427,14.132
306,430,12.926
307,320,18.425
307,427,19.829
307,431,15.036
308,347,18.097
308,426,17.508
308,429,16.032
309,316,18.663
309,424,18.875
309,430,15.919
310,430,17.716
310,369,21.962
310,423,12.837
311,427,16.498
311,423,18.680
312,371,19.141
312,426,14.889
312,418,12.813
313,424,16.389
313,462,17.614
314,350,17.905
314,425,14.848
315,319,14.546
315,426,17.147
316,328,9.787
316,425,16.650
317,320,18.098
317,428,16.929
318,320,15.887
318,426,16.134
319,319,17.867
319,428,17.544
320,319,19.533
320,428,15.814
321,319,19.965
321,368,23.433
321,427,15.060
322,346,19.732
322,425,12.821
323,351,13.897
323,430,15.259
324,318,19.521
324,431,12.987
325,318,12.849
325,326,12.418
325,439,19.096
326,374,21.474
326,326,12.494
326,444,30.419
327,332,19.949
327,326,12.777
327,444,34.385
328,328,12.527
328,432,26.101
329,330,12.376
330,329,12.316
331,332,12.484
332,333,12.344
333,336,12.101
334,332,11.695
335,332,11.559
336,332,11.472
337,333,11.163
338,341,10.892
338,355,15.828
339,356,11.119
340,336,10.612
340,356,15.881
341,356,11.103
342,356,10.744
343,359,10.904
344,366,11.082
345,375,12.142
346,405,12.162
347,404,12.568
348,404,13.713
349,402,13.119
350,401,12.144
351,390,12.914
352,389,12.379
353,389,11.955
354,370,13.146
355,371,14.571
356,387,14.159
357,388,13.746
358,393,14.465
359,410,13.922
360,406,14.193
361,411,14.514
362,411,14.317
363,411,14.478
364,412,14.265
365,412,14.834
365,390,15.048
366,411,14.747
366,389,14.532
367,421,15.355
368,423,13.772
368,383,15.600
369,425,15.859
370,425,15.292
371,426,15.934
372,426,15.497
373,425,15.954
374,426,15.847
375,401,14.208
375,434,16.899
376,434,15.984
377,438,15.939
378,435,15.941
379,412,14.071
379,436,18.067
380,464,16.416
381,462,16.541
382,412,14.904
382,452,20.117
383,449,18.446
383,413,15.709
384,447,16.854
384,427,14.262
385,448,16.146
386,430,13.666
386,436,20.582
387,321,19.719
387,429,14.473
387,439,23.117
388,321,19.162
388,431,13.648
389,430,17.412
389,321,12.104
389,331,3.282
390,431,18.207
390,310,10.122
390,331,3.165
391,431,17.708
391,333,3.092
392,441,19.258
392,332,2.963
393,444,19.357
393,333,2.941
394,452,20.436
394,333,2.875
395,445,19.890
395,334,2.785
395,331,11.330
396,453,20.225
396,334,2.602
396,332,11.298
397,446,18.168
397,335,2.714
397,333,11.682
398,444,17.328
398,338,2.533
398,333,11.899
399,334,11.750
399,454,16.724
399,336,2.594
400,334,11.785
400,390,11.127
400,334,2.425
400,471,19.328
401,351,11.866
401,339,2.559
401,333,2.359
401,383,22.404
401,463,18.616
402,353,11.964
402,341,2.484
402,335,2.241
402,393,22.084
403,351,12.250
403,339,2.367
403,335,2.105
403,373,33.795
404,351,12.255
404,341,2.366
404,335,2.117
405,363,12.500
405,341,2.181
405,336,2.070
406,363,12.360
406,335,1.902
406,340,2.039
407,364,12.367
407,336,1.839
407,340,2.132
408,363,12.616
408,335,1.833
408,338,1.775
409,350,12.870
409,540,1.825
410,362,12.701
410,330,1.724
411,359,12.813
412,378,12.954
413,381,12.639
414,381,12.330
415,363,12.437
416,381,12.342
417,366,12.629
418,369,12.643
419,387,12.705
420,387,13.110
421,361,12.926
421,387,14.948
422,363,13.977
423,353,13.797
424,366,13.558
425,368,13.828
426,386,13.838
427,374,14.509
428,378,16.706
428,372,13.686
429,386,14.561
430,398,14.945
431,424,14.939
432,424,14.984
433,425,15.186
434,425,15.362
435,425,15.465
436,425,16.007
437,441,16.580
438,443,17.359
439,444,17.417
440,444,18.330
441,376,16.931
441,445,24.616
441,447,16.281
442,377,17.310
442,387,26.768
442,445,16.778
442,448,16.072
443,389,18.997
443,446,18.048
444,446,18.521
445,423,17.275
445,460,25.270
446,427,16.868
446,446,23.948
447,427,16.159
447,455,21.872
448,427,16.476
449,428,13.806
450,435,16.887
451,447,18.148
452,448,17.897
453,367,20.031
453,449,21.733
454,368,20.367
454,449,23.029
455,286,13.522
455,450,23.507
456,368,19.733
456,451,22.946
457,397,27.550
457,454,16.901
458,371,27.842
458,451,15.703
459,378,26.349
459,450,14.698
460,373,19.241
474,343,1.793
476,347,1.810
477,350,1.867
478,348,1.874
480,351,2.006
481,350,1.949
482,351,2.001
483,351,2.171
484,352,2.085
485,353,1.742
486,354,2.341
487,352,2.001
488,354,2.335
489,354,2.624
490,356,2.578
491,355,2.637
492,356,2.574
493,357,3.020
494,355,2.784
495,355,2.969
496,356,2.953
497,360,3.015
498,352,3.273
499,352,3.196
500,343,3.041
501,343,3.478
502,344,3.457
575,323,13.256
576,323,15.781
577,328,14.590
578,329,14.248
579,328,13.222
580,329,13.474
581,326,13.190
582,325,12.733
583,326,13.883
584,328,13.803
585,331,13.139
586,328,12.674
587,331,12.135
588,323,12.265
589,318,11.547
590,318,12.090
591,313,11.879
592,316,11.784
593,312,11.283
594,316,10.989
595,316,10.908
596,318,10.679
597,317,10.496
598,316,10.311
599,306,10.265
600,306,10.274
601,306,9.586
602,312,9.445
603,313,9.689
604,306,9.339
605,306,9.155
606,306,8.614
607,306,8.464
608,306,8.564
609,306,8.186
610,306,7.914
611,306,7.931
612,303,7.643
613,296,7.595
614,296,7.306
615,296,7.357
616,296,7.187
617,296,6.844
618,296,6.942
619,296,6.755
620,296,6.539
621,283,6.468
622,286,6.401
623,286,6.411
624,280,5.887
625,282,5.924
626,283,6.047
627,282,5.785
628,280,5.699
629,283,5.497
630,281,5.471
631,281,5.358
632,280,5.257
633,279,5.232
634,277,5.116
635,278,5.142
636,277,4.929
637,277,4.787
638,276,4.719
639,277,4.651
640,277,4.448
674,329,11.481
675,338,16.205
676,336,15.316
677,337,15.162
678,338,13.562
679,330,11.796
680,333,10.669
681,333,11.345
682,338,12.933
683,339,13.043
684,334,13.064
685,339,13.877
686,334,13.220
687,333,12.491
688,334,12.181
689,334,12.199
690,334,11.399
691,335,11.826
692,335,11.011
693,334,11.220
694,333,10.952
695,329,10.130
696,328,10.010
697,328,9.861
698,326,9.358
699,323,9.370
700,319,9.020
701,319,9.053
702,320,8.645
703,320,8.292
704,319,8.159
705,320,8.216
706,319,7.786
707,311,7.838
708,311,7.479
709,311,7.530
710,309,7.273
711,309,7.203
712,308,6.995
713,309,6.810
714,309,6.705
715,298,6.432
716,292,6.340
717,295,6.468
718,299,6.228
719,293,6.182
720,294,6.078
721,298,5.817
722,292,5.818
723,292,5.622
724,292,5.610
725,293,5.555
726,292,5.283
727,293,5.295
728,290,5.246
729,290,5.126
730,290,4.990
731,288,5.055
732,288,5.003
752,283,3.455
754,283,3.312
755,284,3.127
756,284,3.070
757,283,2.992
758,283,2.866
759,284,3.016
760,284,3.007
761,284,2.853
762,284,2.899
763,286,2.830
764,286,2.809
765,284,2.714
766,284,2.585
767,284,2.535
768,284,2.512
771,284,2.445
772,284,2.343
773,284,2.245
785,287,1.851
788,282,2.017
822,305,15.506
823,304,15.219
824,303,15.317
825,302,14.543
826,303,13.460
827,307,13.639
828,304,13.453
829,303,13.269
830,301,13.076
831,299,13.468
832,300,13.225
833,304,12.794
834,298,12.757
835,309,12.293
836,308,12.031
837,308,11.977
838,294,12.001
839,302,11.897
840,297,11.532
841,302,11.486
842,292,11.151
843,291,10.785
844,304,10.547
845,293,10.746
846,297,10.520
847,288,10.204
848,289,10.384
849,288,10.080
850,287,10.213
851,287,10.300
852,285,9.785
853,284,10.189
854,283,9.905
855,282,9.985
856,283,9.901
857,283,9.498
858,284,9.949
859,282,9.810
860,286,9.817
861,285,9.882
862,283,9.858
863,283,10.206
864,283,10.153
865,284,10.420
866,284,9.874
867,285,10.155
868,288,9.436
869,299,10.210
870,287,10.370
871,300,10.168
872,301,10.234
873,301,10.294
874,301,10.778
875,289,9.707
876,302,8.728
877,302,10.870
878,302,10.250
879,304,9.272
